user_id,uuid,age,gender,city,university,major,study_year,living_status,scholarship,part_time_income,other_income,total_income,monthly_budget,financial_goal,goal_amount,target_months,financial_personality
1,d1873577-4559-403e-8be7-e39a48cb9a55,20,Male,Jeddah,King Khalid University,Accounting,1,With Family,1000,0,0,1000,793.73,Phone,4500,3,Shopaholic
2,5cda57c6-9233-47e2-8cc7-9c3482b8bd03,22,Male,Dammam,Qassim University,Business Administration,3,With Family,1000,800,0,1800,1694.6,Emergency Fund,6000,9,Disciplined
3,63e1eabc-bef3-4d29-a00d-8de85b115447,18,Female,Jeddah,Qassim University,Software Engineering,5,With Family,990,0,0,990,866.97,Travel,4000,9,Shopaholic
4,74c2854b-fae4-4078-9165-632f7a79ca84,19,Male,Jeddah,Qassim University,Artificial Intelligence,4,Dorm,1000,0,0,1000,822.97,Travel,4000,9,Balanced
5,cccb3d64-e48d-4b26-aa77-9bec6ee49880,20,Male,Dammam,Taibah University,Accounting,3,Alone,1000,800,0,1800,1580.4,Laptop,5000,6,Social Spender
6,22160a74-9e6e-4a4b-8666-9db82216ff88,23,Female,Madinah,Princess Nourah University,Cybersecurity,5,Shared Apartment,1000,1200,0,2200,1788.46,Laptop,5000,12,Balanced
7,c40be86b-fe47-4536-b7c3-c287b97e859e,22,Female,Tabuk,King Fahd University of Petroleum and Minerals,Cybersecurity,2,With Family,1500,500,0,2000,1536.36,Phone,4500,3,Impulsive
8,d3320474-a8f6-4e83-b78a-5282f9aeffd4,19,Female,Tabuk,King Khalid University,Finance,5,With Family,990,0,0,990,852.04,Car,25000,3,Social Spender
9,1f9ad8ff-3e79-40c1-9299-dfd9d3a10343,23,Male,Madinah,Qassim University,Information Systems,4,With Family,990,1200,200,2390,2137.66,Investment,10000,9,Improving
10,a3f3ea6a-56a6-4a3e-adc9-07933d84a464,22,Male,Dammam,King Fahd University of Petroleum and Minerals,Electrical Engineering,2,With Family,1000,500,0,1500,1358.59,Gaming PC,8000,3,Tech Enthusiast
11,bc5cb1ab-aa6e-459f-a571-b0976b182949,22,Male,Riyadh,Imam Mohammad Ibn Saud Islamic University,Nursing,1,With Family,990,0,0,990,838.73,Investment,10000,3,Improving
12,7fa1ff26-8b6f-4a03-b566-f0b3e5f3b50c,20,Female,Tabuk,Imam Mohammad Ibn Saud Islamic University,Medicine,2,Dorm,1000,0,0,1000,829.8,Car,25000,9,Coffee Lover
13,182e8ba0-be9a-438d-9911-6a648436359d,18,Male,Makkah,King Saud University,Software Engineering,1,With Family,1000,0,0,1000,931.08,Travel,4000,9,Disciplined
14,17273d29-4e0b-401e-a425-eb661f5b36dc,25,Male,Qassim,Qassim University,Cybersecurity,1,With Family,990,800,0,1790,1496.82,Phone,4500,12,Coffee Lover
15,eac9fb49-8a19-4cea-a04c-edcbe64c7ad7,19,Male,Tabuk,King Fahd University of Petroleum and Minerals,Electrical Engineering,1,With Family,1500,0,0,1500,1182.06,Gaming PC,8000,12,Disciplined
16,d4a876d5-bf0d-4a81-a8a7-a513d72fd399,25,Male,Riyadh,Umm Al-Qura University,Computer Science,1,Alone,990,500,400,1890,1738.31,Laptop,5000,6,Coffee Lover
17,ed21f636-6456-484f-81b9-22d866df4573,24,Male,Tabuk,Prince Sattam bin Abdulaziz University,Electrical Engineering,4,With Family,990,1200,400,2590,2303.33,Phone,4500,12,Balanced
18,5cd5e80f-e48f-4004-97c2-df1e6b304595,18,Female,Riyadh,King Saud University,Nursing,4,With Family,990,1800,0,2790,2568.32,Car,25000,6,Disciplined
19,09b7e495-e62e-475a-ad5b-ff6a66b1f46d,21,Female,Jeddah,King Khalid University,Cybersecurity,5,Dorm,1000,1200,0,2200,1922.53,Laptop,5000,12,Tech Enthusiast
20,3c3d043a-6e75-4c10-bfbd-890badb12f81,23,Male,Madinah,Qassim University,Information Systems,3,With Family,1000,0,0,1000,935.8,Gaming PC,8000,3,Disciplined
21,e263a36f-d645-4dad-98fe-d888abba9367,21,Female,Dammam,King Fahd University of Petroleum and Minerals,Software Engineering,2,With Family,1000,500,0,1500,1172.32,Car,25000,9,Tech Enthusiast
22,14b7ed04-f722-4cae-8ce2-d6a302b8a18b,22,Male,Dammam,Prince Sattam bin Abdulaziz University,Software Engineering,1,Dorm,1500,800,0,2300,1796.51,Investment,10000,9,Tech Enthusiast
23,15c1c6ab-0bcf-417b-bd22-889037b1ebe0,25,Female,Riyadh,Princess Nourah University,Law,4,Shared Apartment,1000,0,0,1000,758.82,Travel,4000,9,Budget Student
24,4fbcdb4c-b07e-4502-acb5-65505bfc758d,24,Male,Jeddah,Princess Nourah University,Mechanical Engineering,2,With Family,1000,0,200,1200,1100.3,Car,25000,6,Coffee Lover
25,dff1f615-d4ca-4e59-b489-4c83b2852fc1,18,Female,Makkah,Imam Mohammad Ibn Saud Islamic University,Law,1,With Family,0,0,400,400,344.79,Investment,10000,12,Improving
26,fce82ef2-4ab4-4a54-825b-bf12f280b8ec,20,Female,Riyadh,King Abdulaziz University,Mechanical Engineering,3,Shared Apartment,1000,1800,0,2800,2330.56,Phone,4500,6,Balanced
27,4f6ffbb8-3c4d-4a9b-b88e-91683a170fd0,25,Male,Makkah,Taibah University,Business Administration,3,Shared Apartment,1000,0,400,1400,1293.97,Investment,10000,6,Disciplined
28,12f90075-3350-43aa-8e30-3c6e065cfc4c,22,Female,Tabuk,Umm Al-Qura University,Business Administration,1,With Family,990,0,400,1390,1312.27,Investment,10000,6,Tech Enthusiast
29,3da59236-509b-4741-90a6-59f8618d54bf,23,Female,Jeddah,Qassim University,Nursing,2,With Family,1500,0,0,1500,1337.64,Travel,4000,3,Shopaholic
30,7a667007-8540-4f6a-8a53-533f885601f9,21,Female,Tabuk,Princess Nourah University,Law,3,Dorm,1000,800,400,2200,1941.89,Gaming PC,8000,3,Social Spender
31,0a65bd34-e4e1-4072-b33f-1abf1c391ba5,22,Male,Makkah,Qassim University,Law,4,Dorm,990,0,0,990,921.26,Emergency Fund,6000,9,Coffee Lover
32,e940635a-8984-43c1-ac78-1281b2905af6,23,Female,Qassim,Taibah University,Law,2,With Family,1000,0,0,1000,908.75,Investment,10000,6,Tech Enthusiast
33,06cf9897-fcd6-4b11-9a6c-4bef929a60e7,21,Female,Makkah,Imam Mohammad Ibn Saud Islamic University,Information Systems,1,With Family,990,800,0,1790,1694.75,Laptop,5000,3,Coffee Lover
34,d03e2f13-a602-4426-a8d1-eb2108448167,25,Female,Makkah,King Abdulaziz University,Law,1,Shared Apartment,1500,500,200,2200,2028.59,Emergency Fund,6000,3,Budget Student
35,07883743-f08f-4615-af27-736c72f97144,18,Male,Jeddah,Taibah University,Information Systems,4,Dorm,990,1200,0,2190,2075.2,Emergency Fund,6000,9,Improving
36,743b1244-af6f-402b-8ba5-549c7a1469a1,24,Female,Dammam,Taibah University,Finance,3,Shared Apartment,1500,800,200,2500,2294.93,Car,25000,9,Budget Student
37,c1aff176-912a-43bc-bfd6-74615c322f8a,22,Male,Madinah,King Fahd University of Petroleum and Minerals,Business Administration,5,With Family,1000,800,0,1800,1404.3,Laptop,5000,12,Social Spender
38,0760682f-0798-4497-93b7-2959c706c264,25,Female,Riyadh,Imam Mohammad Ibn Saud Islamic University,Accounting,4,Alone,1000,0,0,1000,866.82,Car,25000,3,Budget Student
39,6fffcc2d-ae48-4201-af62-895f064c838a,22,Female,Tabuk,Umm Al-Qura University,Mechanical Engineering,5,Shared Apartment,1000,0,0,1000,929.56,Travel,4000,12,Balanced
40,76c1d826-f03e-40e3-8286-4ba312c5530c,24,Male,Qassim,King Abdulaziz University,Nursing,5,With Family,990,0,0,990,820.52,Gaming PC,8000,3,Disciplined
41,e37bc656-b2e2-4527-b10f-0a4271eca91c,24,Female,Makkah,Taibah University,Business Administration,3,Shared Apartment,990,1200,0,2190,1808.56,Travel,4000,12,Balanced
42,2c8b5707-9439-4fe5-8b6e-cb5bd2862093,21,Male,Riyadh,King Saud University,Cybersecurity,2,Shared Apartment,0,0,0,0,0.0,Travel,4000,6,Disciplined
43,e771d05e-4d4c-4247-abf0-8bbedcd28204,22,Female,Dammam,King Khalid University,Nursing,1,Shared Apartment,1000,500,0,1500,1174.13,Gaming PC,8000,9,Disciplined
44,8c92a5dd-7dde-4528-a8b7-613ea75bbc06,24,Male,Jeddah,King Khalid University,Mechanical Engineering,2,With Family,0,0,0,0,0.0,Emergency Fund,6000,3,Budget Student
45,efaaa669-afae-49f8-a4f0-d77cbfff5ad5,23,Male,Abha,King Saud University,Accounting,4,With Family,1000,0,0,1000,942.16,Gaming PC,8000,12,Social Spender
46,9b57b612-208d-45fc-826b-05c396103185,25,Female,Tabuk,King Khalid University,Artificial Intelligence,3,Shared Apartment,990,800,700,2490,2281.2,Travel,4000,3,Balanced
47,cf256f3e-55e3-4ab4-aa90-c987fcf62f41,24,Female,Riyadh,Taibah University,Business Administration,2,With Family,990,1200,0,2190,1797.91,Gaming PC,8000,9,Balanced
48,d14eecd2-1468-4851-ae48-61a4f68ad75c,21,Male,Makkah,Qassim University,Finance,5,Shared Apartment,1500,800,0,2300,2042.68,Laptop,5000,12,Coffee Lover
49,a4b5f550-4b82-44ad-82bb-7258e72c7986,22,Female,Qassim,Umm Al-Qura University,Medicine,3,With Family,0,0,0,0,0.0,Phone,4500,9,Balanced
50,9023b00b-af3f-4579-9840-1117e3786b86,21,Female,Jeddah,Umm Al-Qura University,Electrical Engineering,2,With Family,990,0,0,990,888.74,Gaming PC,8000,9,Social Spender
51,466d009f-cb21-4d5e-b166-4dc025d0ce90,21,Female,Makkah,King Fahd University of Petroleum and Minerals,Information Systems,3,With Family,1500,500,0,2000,1713.65,Laptop,5000,9,Disciplined
52,b8884a1e-76f3-47ba-8026-b6c60a17bed9,25,Male,Riyadh,King Khalid University,Artificial Intelligence,4,With Family,0,0,400,400,327.26,Gaming PC,8000,3,Balanced
53,42f9a784-639f-4c13-b3c6-d4819346f903,19,Male,Dammam,King Abdulaziz University,Electrical Engineering,5,Alone,1500,0,0,1500,1150.55,Emergency Fund,6000,6,Disciplined
54,7ae65109-51c1-4dd7-ae50-546d736e7f56,24,Female,Qassim,Prince Sattam bin Abdulaziz University,Nursing,4,With Family,1000,800,200,2000,1748.41,Phone,4500,3,Overspender
55,5fd6e713-8997-4b6c-8a96-927a008fad99,21,Male,Jeddah,King Abdulaziz University,Computer Science,4,With Family,990,0,0,990,860.07,Phone,4500,9,Disciplined
56,f48768c2-3bc6-4dfc-a74f-254a8a31bb48,21,Female,Makkah,Qassim University,Software Engineering,5,With Family,990,0,400,1390,1083.92,Laptop,5000,9,Budget Student
57,a65ee11a-886f-4e82-a8b5-5e5c04fcac88,22,Female,Jeddah,Taibah University,Mechanical Engineering,3,Dorm,0,0,0,0,0.0,Gaming PC,8000,12,Coffee Lover
58,07126ac6-5b19-4063-8e05-441150d8efa0,22,Male,Jeddah,Imam Mohammad Ibn Saud Islamic University,Law,5,Dorm,1000,1200,200,2400,1809.96,Car,25000,9,Shopaholic
59,837b14ce-fa8e-49d8-82cb-9ac28b55f726,22,Male,Tabuk,Taibah University,Software Engineering,4,With Family,1000,0,0,1000,816.66,Emergency Fund,6000,3,Budget Student
60,ec002771-d14f-4dbe-89d5-3168e5ba3b3d,18,Female,Jeddah,King Fahd University of Petroleum and Minerals,Artificial Intelligence,3,With Family,990,800,0,1790,1619.07,Emergency Fund,6000,3,Tech Enthusiast
61,b266ab28-d61f-4761-904f-410848aadf84,25,Female,Riyadh,Imam Mohammad Ibn Saud Islamic University,Artificial Intelligence,5,With Family,1000,0,0,1000,807.61,Travel,4000,12,Disciplined
62,ddc62a56-1347-4bf5-850b-f3ae4fd69019,22,Male,Tabuk,Princess Nourah University,Cybersecurity,1,With Family,1500,800,0,2300,1779.03,Phone,4500,6,Coffee Lover
63,daf3a385-3eaa-4f6a-8e98-f6e98f024b6e,25,Female,Makkah,Taibah University,Medicine,2,With Family,1000,500,0,1500,1401.56,Investment,10000,6,Impulsive
64,6c51e4c6-5161-4c7a-98b4-ccef5f33aed1,22,Male,Madinah,Prince Sattam bin Abdulaziz University,Nursing,5,Alone,990,1200,0,2190,1856.96,Investment,10000,6,Coffee Lover
65,4c563167-50b9-4f9e-a974-ccb2b708569f,25,Female,Makkah,Imam Mohammad Ibn Saud Islamic University,Nursing,4,With Family,990,0,200,1190,1077.08,Emergency Fund,6000,3,Balanced
66,883ed6a6-c519-4f44-881f-9676150c78f5,20,Female,Riyadh,King Abdulaziz University,Medicine,5,With Family,990,1800,0,2790,2148.5,Gaming PC,8000,12,Disciplined
67,5132535e-e95a-46a3-b07f-e77adc4c68f6,20,Male,Qassim,Prince Sattam bin Abdulaziz University,Business Administration,5,Dorm,1500,0,0,1500,1319.95,Investment,10000,9,Budget Student
68,6a4a0fd0-7367-4c1e-910e-c33a6320d7a0,25,Male,Jeddah,Imam Mohammad Ibn Saud Islamic University,Law,3,Alone,1500,0,0,1500,1349.03,Gaming PC,8000,12,Improving
69,38cc7f1b-f2d5-4a70-97fa-6be765359fae,22,Male,Riyadh,King Fahd University of Petroleum and Minerals,Electrical Engineering,1,With Family,1000,800,0,1800,1484.94,Phone,4500,6,Balanced
70,5948acfc-0b17-4ef0-a68b-1ccc9309674c,19,Female,Makkah,Taibah University,Nursing,2,With Family,990,800,0,1790,1570.87,Phone,4500,12,Balanced
71,2efa7c87-8f06-4f7b-bdb7-c91bdd275afb,20,Male,Qassim,King Fahd University of Petroleum and Minerals,Nursing,3,Dorm,0,1200,400,1600,1335.78,Gaming PC,8000,9,Coffee Lover
72,7f6a8881-75a4-489a-94c6-764dd422efe2,21,Female,Abha,King Khalid University,Artificial Intelligence,3,With Family,990,2500,400,3890,3563.27,Laptop,5000,12,Balanced
73,3b6e0b80-5589-4a50-8113-2b6a383f6791,25,Female,Makkah,King Khalid University,Electrical Engineering,3,With Family,1000,800,200,2000,1576.05,Laptop,5000,9,Social Spender
74,4300a6e8-7bd3-418c-8101-afd67e1c32e6,19,Male,Madinah,Taibah University,Computer Science,5,With Family,1000,800,200,2000,1552.56,Gaming PC,8000,9,Balanced
75,500ab113-2dbb-436f-a91d-3f105605f3e6,22,Male,Madinah,Taibah University,Electrical Engineering,3,Dorm,990,0,200,1190,973.11,Travel,4000,3,Coffee Lover
76,301df692-00f7-42ce-8d38-4d75fdc85776,24,Female,Jeddah,Qassim University,Computer Science,3,With Family,0,1200,0,1200,1009.15,Gaming PC,8000,9,Tech Enthusiast
77,9bb981ae-4e02-4dda-b925-36d8357f276a,25,Male,Abha,King Khalid University,Cybersecurity,1,Dorm,1000,1800,0,2800,2359.99,Phone,4500,9,Tech Enthusiast
78,586cd183-beca-4a37-9f12-bc09c0e2697b,19,Male,Makkah,Umm Al-Qura University,Information Systems,4,With Family,990,0,0,990,875.26,Emergency Fund,6000,12,Tech Enthusiast
79,06155afa-188d-420e-9bec-9276b233bf70,25,Female,Madinah,King Saud University,Mechanical Engineering,3,With Family,1000,1200,0,2200,1845.67,Investment,10000,6,Budget Student
80,27a21742-6bb0-4727-a8cc-6544a6fd879f,23,Male,Tabuk,Prince Sattam bin Abdulaziz University,Cybersecurity,1,Alone,0,800,0,800,731.87,Gaming PC,8000,3,Social Spender
81,e147a881-fbc2-4b0a-bd96-3d3496f3baba,23,Male,Dammam,King Khalid University,Cybersecurity,1,Shared Apartment,1000,500,0,1500,1291.26,Investment,10000,6,Budget Student
82,c41cebe6-5426-42dd-a659-b2eaa6e9c257,18,Female,Dammam,King Abdulaziz University,Medicine,3,Shared Apartment,990,1200,200,2390,1845.04,Car,25000,3,Disciplined
83,5fa2d6e6-9cb8-4ee6-b5ef-be95dd751ac9,20,Female,Riyadh,King Abdulaziz University,Mechanical Engineering,4,With Family,990,1200,0,2190,1969.1,Laptop,5000,12,Coffee Lover
84,6f415bcb-8953-4c25-9bfb-4b5aed1abcda,18,Female,Qassim,King Saud University,Computer Science,4,Shared Apartment,990,500,0,1490,1244.53,Phone,4500,3,Coffee Lover
85,3ecb44e1-61fc-4a7f-bab8-7cbf58b8bae4,20,Male,Dammam,Prince Sattam bin Abdulaziz University,Nursing,5,With Family,1500,0,0,1500,1222.56,Car,25000,9,Coffee Lover
86,c2c09917-3542-4b9b-af2f-585372b4812a,21,Female,Qassim,Imam Mohammad Ibn Saud Islamic University,Accounting,3,Shared Apartment,1000,0,200,1200,995.7,Investment,10000,3,Balanced
87,ee81e4a5-65ee-4a9e-89cc-825367313d73,25,Male,Jeddah,Princess Nourah University,Software Engineering,4,With Family,990,0,700,1690,1517.21,Gaming PC,8000,6,Shopaholic
88,3401adcf-e7e9-4eaf-9377-d26d3e1a30ce,24,Female,Tabuk,King Saud University,Artificial Intelligence,5,With Family,1000,500,0,1500,1156.08,Laptop,5000,6,Balanced
89,d0007268-ce61-4f29-bf13-c207c15364c1,23,Male,Madinah,King Khalid University,Cybersecurity,4,Shared Apartment,990,1200,0,2190,2069.35,Car,25000,3,Tech Enthusiast
90,20156c2d-abd9-426a-bfd3-241c1ce1ab7a,22,Female,Abha,King Saud University,Information Systems,2,Dorm,1000,800,0,1800,1494.28,Travel,4000,6,Social Spender
91,6ae0e80f-ec6e-473c-a198-5f8a2e4c5dd6,24,Female,Abha,King Abdulaziz University,Business Administration,3,Dorm,1500,0,0,1500,1358.05,Emergency Fund,6000,3,Impulsive
92,a4cd1931-0e0f-4233-b1ed-87e17b29d911,22,Female,Tabuk,Taibah University,Nursing,4,With Family,990,1200,0,2190,1736.92,Laptop,5000,3,Balanced
93,9ef947ab-2a98-4296-b648-9cd4e499f701,22,Male,Makkah,Qassim University,Nursing,1,With Family,990,800,0,1790,1450.41,Car,25000,6,Budget Student
94,646d62a6-275d-4601-9a92-9c0117fbb376,24,Male,Dammam,Qassim University,Medicine,2,With Family,1000,0,0,1000,916.67,Emergency Fund,6000,9,Disciplined
95,43fe1733-a7e9-4491-afc3-a84df2c94b02,23,Female,Tabuk,Qassim University,Artificial Intelligence,1,With Family,1500,0,0,1500,1414.86,Laptop,5000,6,Budget Student
96,814b315b-27af-42fb-859a-0a84c24a7830,24,Male,Makkah,Qassim University,Nursing,4,With Family,1000,1200,400,2600,2155.8,Laptop,5000,9,Social Spender
97,b8ec52b8-a22e-4fb2-b594-efc2e260d9c0,19,Male,Abha,King Fahd University of Petroleum and Minerals,Mechanical Engineering,2,With Family,990,1200,0,2190,1706.64,Gaming PC,8000,6,Balanced
98,cc156a05-2f3b-4b5f-ae3c-d99effb41eed,25,Female,Qassim,King Khalid University,Law,5,With Family,990,1200,0,2190,2067.79,Investment,10000,9,Balanced
99,60a2776a-5866-42d7-9b4b-d999ef38ee67,18,Female,Jeddah,Prince Sattam bin Abdulaziz University,Finance,4,With Family,0,0,0,0,0.0,Travel,4000,9,Disciplined
100,a4027607-3e5e-4d3e-acee-b4400957045e,24,Female,Riyadh,Taibah University,Electrical Engineering,5,Dorm,1500,1200,0,2700,2198.62,Car,25000,12,Shopaholic
101,5b37a79b-d461-4a89-b2d2-dbe63feed966,23,Male,Dammam,King Saud University,Cybersecurity,4,Alone,1500,500,200,2200,1880.59,Investment,10000,6,Balanced
102,0332ed62-01b0-49b6-b024-0d8b3c15d9d3,18,Female,Jeddah,King Fahd University of Petroleum and Minerals,Software Engineering,5,Dorm,1500,0,200,1700,1371.61,Gaming PC,8000,6,Balanced
103,24ced263-0266-4f40-a983-44bca00b1256,24,Male,Jeddah,Prince Sattam bin Abdulaziz University,Medicine,4,Dorm,1000,0,0,1000,815.7,Gaming PC,8000,6,Social Spender
104,5ae56797-2339-41b8-a9b7-43c5b5de2265,19,Female,Abha,King Saud University,Business Administration,3,With Family,1000,800,0,1800,1427.11,Car,25000,12,Balanced
105,e0b21169-ed9b-4944-8851-d8ade3b04a7e,19,Male,Abha,King Khalid University,Information Systems,5,With Family,1500,0,0,1500,1173.67,Investment,10000,6,Social Spender
106,d3382fb7-6eb9-48f6-ac81-47ae145a3998,22,Female,Makkah,Umm Al-Qura University,Cybersecurity,3,Alone,0,0,200,200,181.37,Emergency Fund,6000,6,Balanced
107,4f6bb026-e6cb-4668-af60-3c5c85a8554b,24,Female,Dammam,Imam Mohammad Ibn Saud Islamic University,Electrical Engineering,5,With Family,1500,2500,0,4000,3200.0,Travel,4000,12,Impulsive
108,38b59ebe-032d-4ca2-95f8-2b3a07906b0a,19,Female,Jeddah,King Abdulaziz University,Artificial Intelligence,4,Alone,1000,0,200,1200,935.36,Investment,10000,12,Disciplined
109,44731c95-dfa6-4453-a65e-77042514f92d,24,Male,Tabuk,Umm Al-Qura University,Business Administration,2,With Family,1500,1200,400,3100,2375.6,Laptop,5000,6,Disciplined
110,749c6c0a-8dd7-4173-80b0-2b23ad929132,20,Male,Riyadh,Prince Sattam bin Abdulaziz University,Finance,2,Shared Apartment,1500,1200,0,2700,2278.32,Investment,10000,3,Impulsive
111,d4794181-a5da-4910-baa1-e6cd204243e7,24,Male,Madinah,Imam Mohammad Ibn Saud Islamic University,Artificial Intelligence,1,With Family,0,0,0,0,0.0,Gaming PC,8000,12,Disciplined
112,25892e81-2985-4ff1-b4f6-084230ce4506,21,Male,Madinah,Qassim University,Computer Science,5,With Family,1000,500,0,1500,1296.2,Gaming PC,8000,6,Social Spender
113,443e9120-1dc7-4349-8358-437b4c0d714c,18,Female,Qassim,King Saud University,Law,4,Alone,0,1800,0,1800,1441.31,Car,25000,3,Balanced
114,89137dd3-1222-4ed5-ae13-fd7da804dec7,23,Male,Riyadh,King Fahd University of Petroleum and Minerals,Medicine,3,Shared Apartment,0,0,0,0,0.0,Laptop,5000,12,Improving
115,d3f73de1-8f4c-40ac-ae2e-be79bdb1c644,25,Male,Madinah,Imam Mohammad Ibn Saud Islamic University,Computer Science,2,Shared Apartment,990,0,0,990,804.99,Gaming PC,8000,9,Shopaholic
116,b2a2b34a-2e06-48a0-b2fb-58a96d1a9eeb,21,Female,Abha,King Saud University,Law,3,With Family,1500,500,0,2000,1819.74,Investment,10000,12,Impulsive
117,48587c4c-3f37-4f3e-916d-793ee4defd8f,25,Female,Abha,Umm Al-Qura University,Artificial Intelligence,1,Dorm,1000,1200,0,2200,1684.73,Phone,4500,6,Shopaholic
118,d8b32551-6867-48b0-a84e-9f78d100a2e0,25,Female,Dammam,Taibah University,Business Administration,4,With Family,990,0,0,990,914.77,Travel,4000,9,Tech Enthusiast
119,97a5cabd-1498-417a-b7f7-8f9da8bdb514,19,Female,Abha,Umm Al-Qura University,Electrical Engineering,2,Alone,990,800,200,1990,1549.33,Laptop,5000,12,Disciplined
120,213d1778-7949-4a66-b2e0-0220ab6b0c89,18,Male,Qassim,King Fahd University of Petroleum and Minerals,Business Administration,4,Shared Apartment,0,1200,0,1200,1037.74,Emergency Fund,6000,9,Balanced
121,58bc1e9c-1b6f-4f06-8c26-70b4a7b3571a,20,Female,Tabuk,Umm Al-Qura University,Software Engineering,3,Shared Apartment,1000,0,0,1000,890.81,Gaming PC,8000,6,Improving
122,0d7a65e4-773a-412d-9ad4-ffd376f895c6,20,Male,Qassim,King Abdulaziz University,Mechanical Engineering,4,Alone,990,1800,0,2790,2544.77,Laptop,5000,9,Social Spender
123,3061b69c-d509-4391-8b73-800b4707eb0a,20,Male,Abha,Umm Al-Qura University,Cybersecurity,1,Alone,1000,500,0,1500,1362.62,Travel,4000,6,Budget Student
124,408e84de-45b7-4d67-8fe6-8891a66cdcb8,20,Male,Jeddah,Prince Sattam bin Abdulaziz University,Accounting,4,With Family,0,500,0,500,451.92,Investment,10000,3,Disciplined
125,a73ca5f0-7286-4163-acb0-213ce44ec580,23,Male,Dammam,King Abdulaziz University,Accounting,5,Alone,990,0,0,990,753.47,Car,25000,3,Shopaholic
126,1514ccce-2ec9-423c-8074-ad45ad5602ec,23,Female,Jeddah,Prince Sattam bin Abdulaziz University,Cybersecurity,5,With Family,990,0,400,1390,1216.26,Phone,4500,3,Shopaholic
127,70f55ab6-2318-4a8d-ad00-24393a8f40a7,23,Male,Riyadh,Princess Nourah University,Computer Science,5,With Family,990,1800,0,2790,2210.13,Gaming PC,8000,12,Tech Enthusiast
128,1105682a-2e7f-401f-8b59-6277f916936d,22,Female,Makkah,Qassim University,Artificial Intelligence,4,With Family,0,1200,0,1200,914.38,Gaming PC,8000,12,Coffee Lover
129,1dc86f90-0d96-4302-b90f-1274b5709ead,23,Female,Tabuk,King Abdulaziz University,Electrical Engineering,3,With Family,990,0,0,990,763.52,Investment,10000,6,Coffee Lover
130,85b79305-f54f-47dd-948a-f37a62a56858,24,Female,Makkah,King Abdulaziz University,Business Administration,5,Dorm,990,0,0,990,780.09,Travel,4000,6,Coffee Lover
131,73166784-059b-4bfc-b3ed-6b013133ea95,19,Female,Qassim,Imam Mohammad Ibn Saud Islamic University,Cybersecurity,5,With Family,1000,500,0,1500,1140.16,Laptop,5000,12,Tech Enthusiast
132,a0a679e4-8366-4b79-a995-8dc803f4cce2,19,Female,Dammam,Prince Sattam bin Abdulaziz University,Mechanical Engineering,3,Shared Apartment,1000,800,0,1800,1481.74,Laptop,5000,12,Disciplined
133,742ef2b8-2624-4ec3-86aa-294b7b794283,25,Female,Jeddah,King Abdulaziz University,Software Engineering,4,With Family,1000,0,0,1000,947.36,Emergency Fund,6000,9,Social Spender
134,e88ca3cf-327d-498e-8f05-c3406f036c21,18,Male,Abha,Taibah University,Medicine,4,With Family,990,500,0,1490,1383.65,Laptop,5000,6,Balanced
135,49507b31-ba8a-4985-a7e9-c9196861cd93,22,Female,Qassim,King Khalid University,Artificial Intelligence,4,Shared Apartment,1000,0,700,1700,1400.24,Gaming PC,8000,3,Improving
136,5f660eeb-d321-4cce-b59a-3cf9fd84a33e,18,Female,Madinah,King Khalid University,Nursing,2,Dorm,1000,1200,200,2400,2080.09,Gaming PC,8000,6,Shopaholic
137,33d14b5c-5c76-4ed2-86ee-14394933fce3,21,Male,Jeddah,Imam Mohammad Ibn Saud Islamic University,Computer Science,4,With Family,1000,1200,0,2200,1716.63,Investment,10000,6,Coffee Lover
138,0c911737-ac22-4c79-a97b-ba2367d8eed3,18,Male,Makkah,Umm Al-Qura University,Business Administration,4,With Family,1000,1800,400,3200,2600.8,Gaming PC,8000,6,Coffee Lover
139,6397f059-d2d7-4761-b9d5-340edfd87d58,22,Female,Makkah,Imam Mohammad Ibn Saud Islamic University,Artificial Intelligence,5,With Family,1000,500,0,1500,1407.45,Investment,10000,9,Budget Student
140,34ea1cf0-6a10-4e86-86cf-72276acb379c,23,Female,Madinah,Princess Nourah University,Nursing,5,With Family,1000,800,0,1800,1702.86,Emergency Fund,6000,9,Improving
141,fd93dd83-dab4-407b-a6b9-7eed40993a90,19,Female,Qassim,Prince Sattam bin Abdulaziz University,Mechanical Engineering,4,With Family,1000,0,0,1000,915.59,Gaming PC,8000,9,Overspender
142,f1b7707e-82ad-4738-bc68-904005becb5f,21,Male,Riyadh,Umm Al-Qura University,Cybersecurity,2,With Family,1000,0,0,1000,832.66,Car,25000,12,Disciplined
143,e9823689-f7ec-4acf-88a0-7fa9dcfe982e,24,Female,Qassim,Imam Mohammad Ibn Saud Islamic University,Electrical Engineering,3,With Family,1000,0,0,1000,879.18,Phone,4500,3,Tech Enthusiast
144,407b5d50-d051-423a-887e-edb6f3d9cdab,20,Female,Dammam,King Saud University,Accounting,4,With Family,990,800,400,2190,1970.56,Laptop,5000,9,Impulsive
145,2dd80d2a-a845-47aa-8cff-ee342ff112a1,22,Female,Qassim,King Abdulaziz University,Medicine,4,With Family,0,500,0,500,455.88,Travel,4000,9,Balanced
146,2d54eea0-c44b-4b78-b4bc-a67802177978,23,Female,Makkah,King Abdulaziz University,Nursing,4,Shared Apartment,990,0,0,990,844.53,Gaming PC,8000,3,Coffee Lover
147,53d0e436-af93-4e5a-be56-8ab174b9a62d,18,Female,Tabuk,Imam Mohammad Ibn Saud Islamic University,Finance,3,Alone,0,2500,0,2500,2025.97,Phone,4500,3,Balanced
148,3a5603bc-9f91-4996-a3fa-58509d7e259f,22,Male,Tabuk,Umm Al-Qura University,Mechanical Engineering,3,Dorm,990,0,0,990,868.96,Emergency Fund,6000,9,Balanced
149,d547176b-bd6c-46d0-b737-399d6a9add53,23,Female,Qassim,Umm Al-Qura University,Electrical Engineering,2,Shared Apartment,990,1800,0,2790,2472.13,Emergency Fund,6000,3,Shopaholic
150,c43e3319-c33c-4773-aac2-591ea0af0353,18,Male,Dammam,King Abdulaziz University,Business Administration,5,With Family,1000,0,400,1400,1240.48,Laptop,5000,12,Disciplined
151,02f6ba6e-0ab4-416d-a02a-3496c6d687e6,24,Female,Riyadh,Umm Al-Qura University,Finance,3,Dorm,1000,1200,0,2200,1824.22,Car,25000,3,Social Spender
152,41dce894-9da1-4d3b-b117-2d6d32a44b8b,18,Male,Qassim,King Saud University,Artificial Intelligence,4,With Family,1000,0,0,1000,777.09,Laptop,5000,12,Balanced
153,2aff2a2b-29ee-470f-971f-b4df7d3674f8,24,Male,Dammam,King Fahd University of Petroleum and Minerals,Software Engineering,2,Alone,1500,0,400,1900,1574.36,Emergency Fund,6000,6,Social Spender
154,04d32e35-aae2-4e76-a88a-4f52e102c536,25,Female,Tabuk,Imam Mohammad Ibn Saud Islamic University,Cybersecurity,4,With Family,990,0,0,990,797.08,Travel,4000,3,Disciplined
155,0e61dba2-f257-4f1f-8a22-dda1c45f65ea,21,Male,Jeddah,Princess Nourah University,Nursing,1,With Family,1000,800,400,2200,1945.69,Laptop,5000,3,Balanced
156,d204f642-765e-433e-be7a-80283d0b4d71,18,Male,Madinah,Imam Mohammad Ibn Saud Islamic University,Mechanical Engineering,5,With Family,0,0,0,0,0.0,Investment,10000,9,Balanced
157,afea836c-35bf-4040-ad3e-c6cc797f6781,22,Female,Riyadh,Umm Al-Qura University,Nursing,2,Dorm,1500,2500,0,4000,3341.76,Emergency Fund,6000,12,Disciplined
158,987084db-047c-409d-8916-a8238070c3e9,23,Female,Tabuk,King Abdulaziz University,Artificial Intelligence,4,With Family,990,800,0,1790,1535.08,Car,25000,6,Budget Student
159,9e1ca776-0e7f-4011-886e-00ab5ce4fc2d,24,Female,Dammam,Qassim University,Cybersecurity,3,With Family,990,800,200,1990,1749.89,Laptop,5000,12,Budget Student
160,c543a3cb-0c25-4fcf-bf69-5d8fd8d86ca8,24,Male,Jeddah,Imam Mohammad Ibn Saud Islamic University,Electrical Engineering,5,Dorm,0,800,0,800,689.42,Travel,4000,12,Balanced
161,306cdce6-f7fe-4909-9eb8-9ac503c12c4b,21,Male,Qassim,Imam Mohammad Ibn Saud Islamic University,Mechanical Engineering,5,Dorm,1500,0,400,1900,1575.72,Phone,4500,6,Shopaholic
162,8c864433-bac0-4433-8c83-059c2d8a5494,22,Female,Abha,Umm Al-Qura University,Finance,4,With Family,1000,0,0,1000,946.26,Travel,4000,12,Budget Student
163,f0b873ef-28f8-474e-9800-63696327ef06,21,Male,Riyadh,Prince Sattam bin Abdulaziz University,Medicine,5,Dorm,990,0,0,990,825.18,Laptop,5000,6,Balanced
164,22dc6622-704d-419f-b503-5e8266f86487,23,Female,Qassim,Taibah University,Finance,2,Dorm,990,500,0,1490,1222.45,Car,25000,6,Social Spender
165,e00468c6-ec4c-49d2-8bf4-f2a97070e91a,18,Male,Jeddah,King Saud University,Electrical Engineering,1,With Family,990,1800,0,2790,2562.64,Gaming PC,8000,6,Disciplined
166,4c97568e-4ce9-4fd2-9dd5-4fc00e43ff46,25,Female,Riyadh,King Saud University,Medicine,5,With Family,990,0,0,990,745.81,Laptop,5000,9,Shopaholic
167,8996281b-828b-4adc-99f3-c16bdced6db3,20,Male,Jeddah,Umm Al-Qura University,Information Systems,2,With Family,990,500,0,1490,1274.38,Emergency Fund,6000,9,Balanced
168,b2b89946-5897-451e-9527-adc1ae4788d7,21,Male,Madinah,Princess Nourah University,Law,1,With Family,990,0,0,990,817.59,Car,25000,12,Disciplined
169,6d8ab560-c7fb-48f6-bbc6-11ec43687b3e,23,Male,Riyadh,Imam Mohammad Ibn Saud Islamic University,Cybersecurity,5,With Family,0,0,0,0,0.0,Emergency Fund,6000,3,Social Spender
170,a610cde5-2bd0-40bb-9a56-ff84ccbb8caf,23,Male,Makkah,King Khalid University,Information Systems,4,Alone,990,500,0,1490,1206.68,Phone,4500,6,Shopaholic
171,0902f065-25d0-4c43-8e3d-2be8d696cc8c,20,Male,Abha,King Saud University,Software Engineering,4,With Family,1000,800,0,1800,1377.37,Emergency Fund,6000,12,Improving
172,09537ad6-964a-4fb8-a702-535768c0a178,25,Male,Abha,Umm Al-Qura University,Accounting,4,With Family,990,800,200,1990,1725.68,Emergency Fund,6000,12,Disciplined
173,d9f59184-5127-4413-9fe9-1e68644901fd,22,Male,Tabuk,King Abdulaziz University,Mechanical Engineering,4,With Family,1000,1200,200,2400,1851.14,Laptop,5000,3,Overspender
174,71eab431-58d7-44db-b9ac-f9d104b496e1,20,Female,Qassim,Umm Al-Qura University,Medicine,5,With Family,990,1200,0,2190,1654.0,Laptop,5000,9,Shopaholic
175,c1a12415-1171-488d-bab8-4fe87f531e64,22,Female,Tabuk,Princess Nourah University,Mechanical Engineering,5,Alone,1000,1200,400,2600,2458.65,Laptop,5000,6,Social Spender
176,0e715013-631c-4a35-962f-d48d1840df82,19,Male,Tabuk,Prince Sattam bin Abdulaziz University,Accounting,3,With Family,990,0,0,990,757.73,Phone,4500,9,Overspender
177,ec8d3992-9241-405e-86e9-b8fc22689dae,19,Male,Madinah,King Saud University,Accounting,3,Shared Apartment,1000,500,0,1500,1238.97,Emergency Fund,6000,9,Coffee Lover
178,45af560d-2b7c-404a-81d9-67a298b23c96,20,Female,Abha,King Khalid University,Mechanical Engineering,2,With Family,990,1200,0,2190,1720.31,Car,25000,12,Improving
179,b715f784-b169-451b-aeff-f78ba9c4bb68,21,Female,Tabuk,Prince Sattam bin Abdulaziz University,Electrical Engineering,4,With Family,990,800,0,1790,1676.18,Car,25000,6,Tech Enthusiast
180,bb41cd4b-49b0-4e9e-8231-a6497d678038,25,Male,Qassim,Prince Sattam bin Abdulaziz University,Mechanical Engineering,1,Shared Apartment,1000,800,0,1800,1636.44,Gaming PC,8000,12,Social Spender
181,e4f30a17-0f97-459e-b512-ac5f1aa6b11d,24,Female,Jeddah,Taibah University,Nursing,4,Dorm,990,0,0,990,848.3,Phone,4500,12,Shopaholic
182,74fd69dc-3b26-40bb-b05e-fafd9c28d78f,19,Male,Makkah,King Fahd University of Petroleum and Minerals,Information Systems,5,With Family,1000,0,400,1400,1325.41,Car,25000,12,Improving
183,20f371c4-98fc-4474-b617-5065236d77f1,22,Male,Makkah,Taibah University,Business Administration,4,With Family,990,1200,0,2190,1940.15,Laptop,5000,6,Balanced
184,50824219-05c3-4fd7-ad83-e85b49fb43cd,19,Male,Abha,Prince Sattam bin Abdulaziz University,Business Administration,4,Shared Apartment,0,0,0,0,0.0,Laptop,5000,9,Coffee Lover
185,a79a32bf-d6d5-4b9f-9f59-5915d0e62da8,18,Male,Riyadh,King Fahd University of Petroleum and Minerals,Law,1,Dorm,990,800,0,1790,1401.34,Travel,4000,6,Shopaholic
186,fb4859fe-d0b4-4b16-a2b5-a4dfa8cf9eac,21,Female,Dammam,King Abdulaziz University,Law,4,With Family,1000,0,0,1000,897.48,Emergency Fund,6000,6,Coffee Lover
187,887f341e-a753-4f16-af65-563696baed76,19,Male,Dammam,King Fahd University of Petroleum and Minerals,Business Administration,2,With Family,990,0,0,990,794.45,Travel,4000,12,Shopaholic
188,9923c3a6-d498-425a-b1f8-5096686550de,19,Female,Abha,Taibah University,Nursing,2,Shared Apartment,1000,500,0,1500,1336.8,Car,25000,9,Impulsive
189,ba659e23-23af-444f-b13c-71a37cd73bab,22,Male,Dammam,King Fahd University of Petroleum and Minerals,Mechanical Engineering,2,With Family,1000,800,0,1800,1500.57,Phone,4500,6,Shopaholic
190,1eebecd0-ea9e-4a0b-9460-951931268e34,20,Male,Qassim,Prince Sattam bin Abdulaziz University,Information Systems,2,With Family,990,500,0,1490,1251.9,Gaming PC,8000,3,Impulsive
191,8f5347d6-4404-441a-9164-ea59f6ea773a,25,Female,Qassim,Qassim University,Mechanical Engineering,4,With Family,1500,500,0,2000,1533.07,Emergency Fund,6000,3,Budget Student
192,0bc601b2-a99b-4a77-87a2-6a96e5cef1d4,20,Female,Qassim,Umm Al-Qura University,Medicine,1,Dorm,990,0,0,990,795.54,Travel,4000,9,Shopaholic
193,d8284a94-243a-4e88-b5dd-566d0bab34b8,24,Male,Makkah,Prince Sattam bin Abdulaziz University,Computer Science,4,With Family,1000,1200,0,2200,2029.37,Phone,4500,3,Coffee Lover
194,2343d08b-70f4-47b0-8490-b1f35a9f03f9,23,Female,Dammam,King Khalid University,Information Systems,2,Shared Apartment,1500,1200,0,2700,2459.94,Investment,10000,9,Shopaholic
195,e0cf890a-247f-4934-ad3a-d83ea15f1dc2,22,Female,Jeddah,King Abdulaziz University,Electrical Engineering,4,Alone,1000,0,700,1700,1612.45,Travel,4000,6,Social Spender
196,225b9f2f-328e-4e2a-932f-faaeee9ada27,24,Female,Dammam,King Khalid University,Law,3,Dorm,990,0,0,990,816.78,Phone,4500,3,Tech Enthusiast
197,a7ca0d0a-a927-43ec-8e00-287cdb1648ac,23,Female,Qassim,King Fahd University of Petroleum and Minerals,Nursing,1,Shared Apartment,1500,0,0,1500,1379.15,Travel,4000,3,Social Spender
198,d1741a69-590f-40f2-be1f-456f803d534e,24,Male,Tabuk,Imam Mohammad Ibn Saud Islamic University,Finance,3,With Family,990,800,0,1790,1444.03,Laptop,5000,6,Shopaholic
199,6b4ebbfb-d611-4628-a339-d4620c20c19b,18,Male,Qassim,King Saud University,Software Engineering,2,With Family,990,0,0,990,742.63,Laptop,5000,12,Balanced
200,4c0dfcf2-775e-47ec-bcd8-38c12fdf4fa7,22,Male,Abha,Prince Sattam bin Abdulaziz University,Software Engineering,3,Dorm,1000,0,0,1000,879.78,Phone,4500,3,Balanced
201,e883851e-c0d5-4483-b933-25a3bb94f3b4,19,Male,Riyadh,Imam Mohammad Ibn Saud Islamic University,Finance,1,With Family,990,800,0,1790,1423.48,Gaming PC,8000,12,Disciplined
202,dc7bb53e-ef39-48a2-89ac-b3eef9b420e9,20,Female,Jeddah,Imam Mohammad Ibn Saud Islamic University,Accounting,1,Dorm,1000,1200,700,2900,2234.41,Emergency Fund,6000,9,Balanced
203,7c750531-3d57-4bce-93c7-a8d45e886078,20,Male,Jeddah,Umm Al-Qura University,Nursing,1,Dorm,990,0,200,1190,931.56,Investment,10000,9,Social Spender
204,c96116ae-6ef5-4554-baa9-ced3bd99b67f,25,Male,Jeddah,Princess Nourah University,Information Systems,1,Dorm,1000,0,0,1000,826.81,Gaming PC,8000,12,Balanced
205,6f461cff-e71b-45ab-90d1-7eb1078d4eba,22,Male,Madinah,Imam Mohammad Ibn Saud Islamic University,Medicine,5,With Family,990,0,0,990,890.57,Car,25000,9,Tech Enthusiast
206,9c1a3cbb-d4a0-4f6f-bf3f-a3b873af7f6e,19,Male,Qassim,King Khalid University,Software Engineering,5,Shared Apartment,1000,1200,0,2200,1655.31,Emergency Fund,6000,9,Overspender
207,002d6ebe-a868-49db-b14b-fec72af25151,20,Female,Jeddah,King Saud University,Nursing,1,With Family,990,1200,0,2190,1737.0,Travel,4000,3,Overspender
208,3bc3b960-508d-4cea-9d2a-6c18a811a3db,24,Female,Tabuk,Princess Nourah University,Law,5,With Family,990,0,200,1190,928.84,Investment,10000,3,Balanced
209,7ee6f6bf-f7b7-465f-a1c1-c7260c882d52,23,Female,Jeddah,Prince Sattam bin Abdulaziz University,Mechanical Engineering,4,Dorm,1000,0,200,1200,1103.15,Car,25000,3,Balanced
210,2a636957-a65e-4df8-94d7-444f23fc2ccd,22,Male,Jeddah,King Saud University,Mechanical Engineering,2,Dorm,1500,0,0,1500,1174.15,Laptop,5000,9,Shopaholic
211,11ec1f4c-db4e-4191-b147-c4ebc7fcb3c2,22,Male,Riyadh,King Fahd University of Petroleum and Minerals,Electrical Engineering,4,With Family,1000,800,0,1800,1372.99,Phone,4500,3,Coffee Lover
212,6ce4c80b-b45e-4ffa-9361-c9bb42d78d69,23,Male,Madinah,Princess Nourah University,Nursing,1,With Family,1000,0,400,1400,1192.47,Phone,4500,3,Budget Student
213,877fe2a6-a595-4c37-a58d-129df6e0dbb3,20,Male,Tabuk,Imam Mohammad Ibn Saud Islamic University,Business Administration,2,With Family,0,0,0,0,0.0,Phone,4500,9,Budget Student
214,54c39d65-eefc-4cdf-890a-a9de56dd4cfa,20,Male,Riyadh,Qassim University,Software Engineering,4,Shared Apartment,1000,0,0,1000,904.71,Laptop,5000,9,Balanced
215,65c17af3-1634-4871-91df-b0ba1c6d9f1e,22,Male,Qassim,King Fahd University of Petroleum and Minerals,Nursing,4,Alone,1000,0,0,1000,905.18,Car,25000,6,Balanced
216,230efd93-cfb9-4322-a209-17082a0abb58,18,Female,Riyadh,Qassim University,Mechanical Engineering,3,With Family,1500,0,0,1500,1283.94,Gaming PC,8000,6,Coffee Lover
217,6f96af4b-297a-465d-aa36-2a6e591e2fdb,19,Male,Makkah,Umm Al-Qura University,Accounting,3,With Family,1500,1800,0,3300,2968.61,Travel,4000,3,Shopaholic
218,beb267b4-af8a-41c6-a405-fdacd69ff12d,24,Male,Makkah,Prince Sattam bin Abdulaziz University,Artificial Intelligence,3,Alone,1000,0,0,1000,828.59,Laptop,5000,9,Balanced
219,00b4c1a1-486f-4162-bc4d-d93f1ee70c22,19,Male,Jeddah,King Abdulaziz University,Finance,4,With Family,990,0,0,990,766.41,Investment,10000,9,Improving
220,0877e19a-2e23-43eb-aa5e-be2799cd8083,19,Male,Madinah,King Khalid University,Computer Science,2,Shared Apartment,990,0,0,990,807.4,Laptop,5000,3,Social Spender
221,0143b16a-5a63-4bed-9460-8518d3d6e226,22,Male,Riyadh,Qassim University,Finance,5,Dorm,1500,0,0,1500,1199.96,Travel,4000,12,Disciplined
222,3d93a252-88e0-443f-851a-6add83a686d4,21,Male,Makkah,Qassim University,Business Administration,1,Dorm,1000,0,0,1000,801.76,Investment,10000,3,Disciplined
223,370c80dd-74a2-4ee8-9311-cbe0b85b5734,19,Female,Jeddah,King Saud University,Finance,1,With Family,0,1800,0,1800,1556.6,Phone,4500,12,Coffee Lover
224,48ac2c9e-d29c-4ded-bbca-04c7a39de739,22,Female,Qassim,King Abdulaziz University,Computer Science,5,Dorm,990,0,0,990,791.17,Phone,4500,9,Coffee Lover
225,67a3adbc-abdf-4fab-898d-babd59eb3831,20,Female,Makkah,Umm Al-Qura University,Cybersecurity,5,Shared Apartment,1500,500,0,2000,1895.76,Emergency Fund,6000,9,Coffee Lover
226,e3286548-2d85-42a6-a410-bff5d260ff24,24,Female,Dammam,King Saud University,Business Administration,5,With Family,1000,0,0,1000,929.15,Travel,4000,9,Disciplined
227,5fe28358-bf04-4582-88fe-e8e1cfe662d2,20,Male,Makkah,Imam Mohammad Ibn Saud Islamic University,Artificial Intelligence,5,Shared Apartment,1500,500,200,2200,2053.59,Phone,4500,3,Budget Student
228,158d684f-4a18-4264-8ae6-bafb93638be6,23,Male,Dammam,Imam Mohammad Ibn Saud Islamic University,Nursing,3,Shared Apartment,1500,500,700,2700,2401.72,Emergency Fund,6000,3,Social Spender
229,c1b06405-6526-4cc1-8fc0-92fedabc4bce,25,Female,Dammam,Taibah University,Computer Science,1,With Family,990,500,0,1490,1296.8,Phone,4500,3,Shopaholic
230,39187944-48c3-4239-9a8c-8c73711f407d,23,Male,Abha,King Saud University,Computer Science,2,Dorm,0,1800,0,1800,1680.2,Phone,4500,3,Budget Student
231,84e8fa58-977e-4016-9f83-1640282ec526,24,Male,Abha,Prince Sattam bin Abdulaziz University,Business Administration,2,Alone,1500,1800,0,3300,2958.35,Gaming PC,8000,12,Budget Student
232,fe9a1527-5bc3-4dc1-b27d-474427a4a4c0,23,Male,Dammam,Qassim University,Artificial Intelligence,3,With Family,1500,800,0,2300,2060.26,Car,25000,12,Budget Student
233,f6532d2a-d9cf-45cc-841f-7fecb98c13e2,21,Male,Qassim,King Abdulaziz University,Business Administration,1,With Family,1000,500,0,1500,1419.71,Travel,4000,6,Tech Enthusiast
234,6a1dbd3a-9435-4862-bddb-eceb83e9db9c,23,Female,Riyadh,Prince Sattam bin Abdulaziz University,Cybersecurity,2,Dorm,1500,1200,0,2700,2214.26,Gaming PC,8000,3,Social Spender
235,ee2cb2e6-696f-4a79-b54b-44bf5a1133fc,24,Female,Tabuk,King Fahd University of Petroleum and Minerals,Medicine,4,With Family,0,0,0,0,0.0,Phone,4500,6,Balanced
236,d3817e45-7e98-4cb6-86f3-4ba0c0d03bf6,22,Male,Jeddah,King Fahd University of Petroleum and Minerals,Information Systems,4,With Family,0,1200,0,1200,918.0,Travel,4000,3,Balanced
237,5426657b-4cd7-4d59-846b-de6d7c4e2b77,20,Female,Dammam,King Saud University,Software Engineering,3,With Family,1500,1200,200,2900,2285.19,Emergency Fund,6000,9,Social Spender
238,eb08ab16-2c94-410e-a584-ccdd0c770a53,25,Male,Riyadh,King Fahd University of Petroleum and Minerals,Computer Science,4,With Family,990,0,0,990,905.63,Car,25000,12,Balanced
239,ecb009ad-9921-46c8-a35f-88ea71c6d5e6,25,Male,Madinah,Qassim University,Finance,4,Shared Apartment,0,0,0,0,0.0,Laptop,5000,12,Balanced
240,934c6b60-dc5a-40cf-9a63-e928d7a27f07,25,Female,Madinah,Imam Mohammad Ibn Saud Islamic University,Artificial Intelligence,5,With Family,1500,0,0,1500,1350.67,Travel,4000,3,Disciplined
241,a77bd69e-c193-4d00-a770-108578de6c60,21,Male,Tabuk,Umm Al-Qura University,Accounting,5,Dorm,990,500,700,2190,2052.63,Car,25000,6,Coffee Lover
242,2d845158-614d-4553-9905-f9998e7ad73f,20,Male,Qassim,King Abdulaziz University,Information Systems,2,Shared Apartment,0,1800,200,2000,1550.47,Car,25000,12,Disciplined
243,f5bb38b1-3e2f-4a39-9b94-f463d24d7f69,22,Female,Jeddah,Princess Nourah University,Accounting,5,With Family,1000,0,200,1200,978.27,Phone,4500,9,Shopaholic
244,e0af55ce-4478-4a80-bd22-9e74200fbedb,24,Male,Tabuk,King Abdulaziz University,Information Systems,5,Dorm,1500,0,200,1700,1532.85,Car,25000,3,Overspender
245,9bbdda22-4d46-4d88-9473-020bf7cf9022,23,Female,Madinah,Qassim University,Law,4,Dorm,1000,0,0,1000,844.61,Car,25000,6,Balanced
246,fbb10821-e689-4dab-86e7-84f187430078,24,Female,Makkah,King Saud University,Mechanical Engineering,4,Alone,990,800,0,1790,1663.64,Laptop,5000,3,Balanced
247,2a6117dc-39a2-4457-8715-3edeb511d4c7,19,Male,Dammam,Prince Sattam bin Abdulaziz University,Mechanical Engineering,4,Shared Apartment,1000,0,200,1200,977.01,Investment,10000,12,Tech Enthusiast
248,af8e42f9-5f27-4c1b-b700-f0eaaa1c3c9d,25,Female,Riyadh,Umm Al-Qura University,Electrical Engineering,2,With Family,0,0,400,400,356.77,Emergency Fund,6000,12,Disciplined
249,33823a21-2a30-496f-a84b-b1294e2d37b8,21,Male,Makkah,King Saud University,Finance,1,Alone,1500,1200,0,2700,2405.5,Phone,4500,9,Balanced
250,cc9204ce-5ddf-45e2-815d-bc3bd956747a,18,Male,Abha,Taibah University,Nursing,4,With Family,990,0,400,1390,1284.49,Gaming PC,8000,9,Balanced
251,ccaaaa6e-4b7d-483f-871a-dfe159c1c438,22,Male,Tabuk,King Saud University,Information Systems,5,Shared Apartment,1000,0,200,1200,951.44,Laptop,5000,6,Tech Enthusiast
252,70dbcb80-1d7b-4f03-bd9f-9631d4df408e,18,Female,Dammam,King Abdulaziz University,Nursing,1,With Family,1000,0,0,1000,871.67,Laptop,5000,9,Social Spender
253,5c9ed9da-f466-4fae-91d5-30dfb1ca2720,23,Female,Madinah,Imam Mohammad Ibn Saud Islamic University,Finance,3,Dorm,1000,0,400,1400,1280.81,Investment,10000,12,Tech Enthusiast
254,87c45f0a-fb81-41e3-9fc5-5dcf987a5915,23,Female,Madinah,Princess Nourah University,Finance,1,With Family,0,2500,700,3200,2576.95,Investment,10000,9,Impulsive
255,9748688a-a905-4c7b-bdd6-4bf6ee324f05,21,Male,Makkah,King Saud University,Electrical Engineering,5,With Family,990,800,400,2190,1782.48,Travel,4000,6,Social Spender
256,17770173-ac30-41d6-bc54-eefd50e01f49,24,Female,Riyadh,King Khalid University,Mechanical Engineering,5,Shared Apartment,1000,2500,0,3500,2865.22,Emergency Fund,6000,6,Social Spender
257,95d7e47a-05ac-40c4-803d-9c00390e4b05,22,Male,Dammam,Prince Sattam bin Abdulaziz University,Software Engineering,4,With Family,1000,500,400,1900,1523.29,Travel,4000,6,Overspender
258,d269417b-afdf-45cb-9810-28e5948193e8,22,Female,Abha,King Fahd University of Petroleum and Minerals,Artificial Intelligence,5,With Family,1500,800,0,2300,2116.56,Phone,4500,12,Disciplined
259,ff7fa675-e99b-448e-a991-a282131bcdd1,21,Male,Tabuk,Umm Al-Qura University,Artificial Intelligence,4,With Family,1000,500,0,1500,1381.27,Emergency Fund,6000,6,Improving
260,f3c84b1e-0a43-4f3e-81f8-69db7a15af21,20,Female,Dammam,Princess Nourah University,Finance,3,Dorm,990,2500,400,3890,3055.07,Emergency Fund,6000,3,Disciplined
261,7bc7212b-3150-4690-b3d1-80946991511e,20,Female,Jeddah,King Abdulaziz University,Nursing,4,Dorm,990,1200,0,2190,1819.19,Investment,10000,12,Balanced
262,b99ef264-5a2e-4150-8deb-8ac1d71d395d,23,Male,Riyadh,King Saud University,Law,2,With Family,0,0,0,0,0.0,Laptop,5000,9,Disciplined
263,d70af8a0-e2c9-4a6c-b023-96bcb73b91ec,18,Female,Madinah,Taibah University,Mechanical Engineering,5,Dorm,990,500,0,1490,1218.17,Investment,10000,6,Balanced
264,d2bd815c-fec8-47bf-a3a4-77df328ead9e,24,Male,Makkah,Imam Mohammad Ibn Saud Islamic University,Mechanical Engineering,2,With Family,1500,0,0,1500,1131.57,Investment,10000,6,Disciplined
265,9237491f-8409-4dba-8f0a-9ce2f64eeb58,22,Male,Riyadh,Princess Nourah University,Law,1,With Family,1000,1200,0,2200,1700.95,Gaming PC,8000,12,Balanced
266,a2414411-5949-4279-9c00-577a65704506,18,Female,Tabuk,Princess Nourah University,Law,5,With Family,1000,500,0,1500,1306.69,Gaming PC,8000,6,Coffee Lover
267,35a351e1-7bd8-47c2-bf03-dc6cfdbe6d26,19,Male,Qassim,Imam Mohammad Ibn Saud Islamic University,Nursing,2,Shared Apartment,1500,500,0,2000,1832.6,Travel,4000,6,Balanced
268,7e0772bb-f4a8-45a7-88ad-3050c4aab9e8,25,Female,Makkah,King Saud University,Computer Science,1,Alone,990,0,0,990,907.88,Phone,4500,12,Disciplined
269,c399c63c-dae8-4e93-a844-66d590de8244,22,Male,Qassim,Prince Sattam bin Abdulaziz University,Artificial Intelligence,4,With Family,0,500,200,700,638.84,Laptop,5000,3,Budget Student
270,ba1c2d85-9e90-465d-a74c-7f69c3789f1d,19,Male,Riyadh,King Abdulaziz University,Law,2,With Family,990,800,0,1790,1662.74,Laptop,5000,9,Impulsive
271,1ff999e7-33cd-48e4-8732-4707b1220a55,24,Female,Madinah,Qassim University,Mechanical Engineering,4,Shared Apartment,0,1200,0,1200,1055.72,Emergency Fund,6000,6,Disciplined
272,a75758f6-9015-43f7-a24c-96522003eaeb,19,Female,Qassim,King Khalid University,Law,4,With Family,1000,0,400,1400,1156.33,Phone,4500,9,Tech Enthusiast
273,5400b5c4-f02f-4ab3-82e1-02b6a5546bb6,25,Female,Jeddah,Qassim University,Finance,1,With Family,1500,1200,200,2900,2554.88,Phone,4500,3,Social Spender
274,de3b2a62-ec03-4189-8e5f-f60cee5acae1,21,Female,Jeddah,Qassim University,Law,2,With Family,1000,1200,0,2200,1942.03,Car,25000,12,Disciplined
275,2ab720b0-daf6-4208-926e-c6aadc9a005d,20,Female,Qassim,King Abdulaziz University,Software Engineering,4,With Family,1000,1200,0,2200,1795.59,Laptop,5000,9,Disciplined
276,5ae5f669-0d2a-4d7e-95e7-970de2e17e1f,19,Female,Qassim,King Khalid University,Finance,1,Shared Apartment,990,800,0,1790,1502.55,Phone,4500,3,Improving
277,6d2e39d1-05d1-409c-84fd-3d0eb0d631f0,18,Male,Madinah,Umm Al-Qura University,Medicine,2,Dorm,1000,0,0,1000,841.24,Laptop,5000,9,Balanced
278,d572a6f9-9c0c-4389-95c6-d7544433a263,25,Female,Qassim,Princess Nourah University,Software Engineering,2,With Family,0,0,0,0,0.0,Car,25000,9,Shopaholic
279,d918b2bd-c8b5-42c8-96d7-42d5fd4578a7,20,Female,Jeddah,Prince Sattam bin Abdulaziz University,Nursing,2,With Family,990,0,400,1390,1301.1,Emergency Fund,6000,12,Balanced
280,f9dc09a8-c96b-4f5f-9bea-60696fa9474a,24,Male,Jeddah,Taibah University,Finance,5,Alone,1000,0,0,1000,776.93,Investment,10000,12,Disciplined
281,34dfecb8-d39e-49e6-86f1-cbec7616f95c,25,Male,Dammam,King Abdulaziz University,Software Engineering,4,Dorm,1000,500,0,1500,1306.85,Car,25000,9,Shopaholic
282,41a959d8-31a0-4f15-a093-0238f1dd20d7,21,Female,Tabuk,King Fahd University of Petroleum and Minerals,Artificial Intelligence,4,Shared Apartment,990,1800,400,3190,2480.66,Investment,10000,9,Budget Student
283,35da3723-e958-4809-9f51-38ad370e1443,21,Male,Makkah,King Khalid University,Mechanical Engineering,3,Dorm,1000,0,200,1200,1121.09,Car,25000,6,Improving
284,39cf93de-b46b-4e76-86f1-575c3ede7b3e,23,Male,Abha,Umm Al-Qura University,Finance,5,Dorm,1000,1800,0,2800,2473.61,Gaming PC,8000,12,Social Spender
285,991bd2f6-695d-4769-9fcb-57eddc658542,18,Male,Riyadh,Qassim University,Information Systems,1,Dorm,1500,500,400,2400,1895.95,Emergency Fund,6000,6,Improving
286,f3ca73d2-af05-4413-962c-040b546937bf,22,Male,Riyadh,King Fahd University of Petroleum and Minerals,Finance,1,Dorm,1000,0,0,1000,885.11,Investment,10000,6,Social Spender
287,151b8b47-d334-4fbb-9b9a-8d14b4cffa2f,22,Male,Tabuk,Qassim University,Accounting,3,Alone,1000,0,200,1200,912.91,Investment,10000,9,Balanced
288,ea083dcb-7fb0-4576-80b9-466bd68cb796,23,Male,Makkah,Prince Sattam bin Abdulaziz University,Finance,2,Alone,1500,1200,0,2700,2065.21,Phone,4500,6,Social Spender
289,80925869-9520-4c9b-a642-6635ca4a64c3,20,Male,Madinah,King Saud University,Business Administration,4,Dorm,990,0,0,990,773.15,Travel,4000,6,Overspender
290,e0e93010-be60-47fc-921f-fd5b24ad8913,22,Female,Abha,Princess Nourah University,Electrical Engineering,3,With Family,1000,1200,0,2200,2071.07,Investment,10000,3,Budget Student
291,ca6690d9-0444-4345-af15-b56193a142ac,21,Male,Abha,King Fahd University of Petroleum and Minerals,Business Administration,3,With Family,990,500,0,1490,1341.79,Travel,4000,12,Improving
292,2239496e-f413-407d-acb1-f54b1ddd0a6b,23,Female,Makkah,King Khalid University,Nursing,2,Alone,1000,2500,0,3500,3102.79,Gaming PC,8000,9,Balanced
293,50cabf5e-137e-428c-aff5-fb6172b4ba1b,22,Male,Abha,Umm Al-Qura University,Electrical Engineering,5,With Family,1000,0,0,1000,758.77,Gaming PC,8000,6,Balanced
294,57903a08-ff3b-4eea-9e64-d8e47c49c9ba,18,Male,Makkah,Imam Mohammad Ibn Saud Islamic University,Law,4,Shared Apartment,0,0,700,700,553.78,Investment,10000,12,Tech Enthusiast
295,8bcef622-ca72-4473-9977-ab8f970d86d7,23,Male,Jeddah,Princess Nourah University,Computer Science,2,Shared Apartment,1500,800,0,2300,1981.72,Emergency Fund,6000,6,Impulsive
296,31d5a809-c6ef-4091-8859-5551ab6bf85a,18,Female,Jeddah,Umm Al-Qura University,Computer Science,5,With Family,990,500,0,1490,1339.79,Travel,4000,3,Social Spender
297,fcab67af-9740-4b9e-b83b-dcff4028e8bb,22,Male,Madinah,Taibah University,Accounting,4,Shared Apartment,0,1800,0,1800,1361.09,Investment,10000,6,Shopaholic
298,8cbc1dc6-aa72-49a2-bef9-f737910c8ee5,22,Male,Madinah,King Fahd University of Petroleum and Minerals,Computer Science,5,Shared Apartment,990,0,200,1190,926.15,Car,25000,3,Disciplined
299,b11a6918-6c87-4392-944f-f9ea2dfb6aa1,21,Female,Makkah,Qassim University,Law,5,With Family,1000,500,400,1900,1494.92,Travel,4000,9,Balanced
300,df01fd1d-a8cd-4c89-ad95-4d0d93970ac5,25,Male,Madinah,Princess Nourah University,Artificial Intelligence,1,With Family,990,1200,400,2590,2243.25,Investment,10000,9,Balanced
301,bee5abb3-9858-4ad7-b5e6-2a00e73a7a47,21,Female,Qassim,Taibah University,Business Administration,5,Dorm,1000,0,0,1000,888.69,Laptop,5000,6,Shopaholic
302,c0a069e3-4da7-46bc-9de8-a36e78bea696,23,Male,Makkah,Qassim University,Artificial Intelligence,3,With Family,990,0,0,990,887.63,Laptop,5000,12,Coffee Lover
303,e30d7566-278c-4c5f-9065-5dfce4899780,19,Female,Dammam,Umm Al-Qura University,Cybersecurity,3,Dorm,990,0,0,990,866.57,Phone,4500,3,Impulsive
304,c78c0616-31f4-4314-94d2-a11e2f4e332d,24,Male,Riyadh,Umm Al-Qura University,Artificial Intelligence,5,Shared Apartment,1000,800,200,2000,1715.87,Car,25000,6,Balanced
305,53752258-d864-4329-a3ef-95365739ef5f,20,Female,Jeddah,Qassim University,Business Administration,5,With Family,990,1200,200,2390,1906.69,Travel,4000,6,Social Spender
306,44cdbda0-b397-4111-96fd-c25a021f8ce4,20,Female,Abha,King Saud University,Cybersecurity,4,With Family,990,0,0,990,794.84,Car,25000,6,Disciplined
307,2036bed5-3721-4511-9303-f69e57998c00,25,Male,Riyadh,King Fahd University of Petroleum and Minerals,Software Engineering,5,Dorm,990,1800,0,2790,2245.11,Emergency Fund,6000,9,Shopaholic
308,b1476a3f-194d-444b-a672-bc60c9838515,19,Female,Tabuk,Imam Mohammad Ibn Saud Islamic University,Medicine,4,With Family,1000,0,0,1000,923.54,Car,25000,12,Budget Student
309,e8a06ff0-18fd-4d38-8f50-3157d2232aa8,20,Male,Jeddah,Umm Al-Qura University,Law,3,With Family,1500,0,400,1900,1496.02,Emergency Fund,6000,9,Tech Enthusiast
310,cc740b61-c0b8-4336-b304-c86a59c97cf8,19,Female,Qassim,Taibah University,Cybersecurity,5,With Family,1000,800,0,1800,1650.01,Travel,4000,3,Balanced
311,0942401f-2ce3-47b1-b53a-9464715d7800,18,Male,Riyadh,King Abdulaziz University,Artificial Intelligence,2,With Family,990,500,0,1490,1238.33,Car,25000,3,Impulsive
312,e6c91fdd-a1b0-430f-8477-e036e115de47,25,Female,Qassim,King Abdulaziz University,Cybersecurity,4,Dorm,1000,1200,400,2600,2363.2,Phone,4500,6,Tech Enthusiast
313,5d71b383-6ba3-4c67-9b8a-691d2fef5248,19,Male,Tabuk,Qassim University,Information Systems,1,With Family,1000,0,0,1000,854.54,Emergency Fund,6000,12,Budget Student
314,2d05260d-4c4b-4c05-ad57-9d4c86e5c21e,18,Male,Jeddah,Taibah University,Law,2,Alone,1000,0,400,1400,1201.0,Car,25000,3,Impulsive
315,c2e43c7b-5e06-4fde-b408-079014a62e90,18,Female,Makkah,Taibah University,Electrical Engineering,4,With Family,1000,800,0,1800,1639.66,Travel,4000,3,Coffee Lover
316,130f6060-b9e4-4b8d-af3f-463a4360b0af,22,Female,Madinah,Imam Mohammad Ibn Saud Islamic University,Computer Science,1,Dorm,990,1200,400,2590,2003.54,Laptop,5000,3,Balanced
317,250ab2a9-5a69-4c28-81e2-5812222dd7c0,20,Female,Madinah,Prince Sattam bin Abdulaziz University,Medicine,4,Dorm,990,1200,0,2190,1910.5,Laptop,5000,12,Social Spender
318,a1cdc010-da46-41f0-b14d-c1ce7264c6dc,25,Female,Madinah,King Khalid University,Business Administration,4,Dorm,990,1200,0,2190,2016.99,Travel,4000,3,Social Spender
319,6ec61a35-9ce9-429b-8394-c0a3d409249e,24,Female,Riyadh,King Abdulaziz University,Accounting,1,Shared Apartment,990,800,0,1790,1637.23,Phone,4500,12,Overspender
320,31613c25-6573-4d8b-80a3-2aa17a2b8033,18,Female,Tabuk,King Khalid University,Law,5,With Family,990,0,0,990,933.28,Laptop,5000,3,Overspender
321,9b218f4b-7451-48b3-a623-585c283c4cb3,22,Male,Riyadh,King Khalid University,Medicine,5,Dorm,1000,800,0,1800,1571.47,Phone,4500,3,Balanced
322,5ab9484a-9e39-4894-bee4-270a217f980f,24,Female,Tabuk,Qassim University,Nursing,2,With Family,1000,1800,0,2800,2512.68,Travel,4000,3,Impulsive
323,dcdebe04-8f2e-411a-8e79-317186474f28,23,Female,Madinah,Imam Mohammad Ibn Saud Islamic University,Nursing,2,With Family,1000,800,0,1800,1495.42,Car,25000,3,Balanced
324,03a6faab-4535-443b-9450-baff2c4a260c,23,Male,Madinah,Umm Al-Qura University,Electrical Engineering,5,With Family,990,0,0,990,830.17,Travel,4000,12,Shopaholic
325,3c152a8a-c4f4-4e8f-b5a8-76b95f4be4c5,25,Male,Qassim,Princess Nourah University,Artificial Intelligence,1,With Family,1000,1200,700,2900,2632.42,Emergency Fund,6000,6,Social Spender
326,985cadad-f213-431e-86b9-33b2e19ed60b,18,Female,Makkah,Prince Sattam bin Abdulaziz University,Software Engineering,4,Dorm,990,0,700,1690,1545.02,Car,25000,3,Shopaholic
327,214f46cc-c798-4e99-9da2-e722d9e76e85,22,Male,Makkah,Taibah University,Mechanical Engineering,2,With Family,990,0,0,990,790.43,Car,25000,9,Balanced
328,39449a4b-b091-4fe2-8797-4236b04ae4d3,19,Male,Jeddah,Taibah University,Nursing,1,Shared Apartment,990,0,0,990,849.71,Phone,4500,3,Budget Student
329,f8d57925-d900-4e1a-b962-2c9653bd1c45,22,Female,Dammam,Umm Al-Qura University,Artificial Intelligence,4,With Family,990,0,400,1390,1202.81,Car,25000,3,Shopaholic
330,a0373422-b7c8-465c-b836-32ec35a737c8,24,Male,Qassim,Princess Nourah University,Mechanical Engineering,5,With Family,990,1800,0,2790,2477.08,Travel,4000,3,Social Spender
331,78f0d562-ed2b-4e8e-b137-fb3e9747ac07,22,Male,Madinah,Imam Mohammad Ibn Saud Islamic University,Artificial Intelligence,4,Alone,990,0,0,990,810.43,Investment,10000,6,Coffee Lover
332,58c93d02-09c5-4668-8ed7-7d1f66ab7ecf,24,Female,Qassim,King Abdulaziz University,Nursing,2,Alone,990,800,0,1790,1588.09,Investment,10000,3,Social Spender
333,2ce360ed-c815-4924-a5eb-793eed8e79c0,20,Male,Qassim,King Saud University,Information Systems,4,With Family,1000,500,400,1900,1803.31,Phone,4500,9,Budget Student
334,3e95512f-4a51-46a5-a4b8-9cfec37fbf79,19,Male,Riyadh,Imam Mohammad Ibn Saud Islamic University,Artificial Intelligence,4,Shared Apartment,990,500,0,1490,1146.2,Emergency Fund,6000,9,Balanced
335,86673859-368b-4acb-a488-bf16b7355fac,18,Female,Jeddah,King Fahd University of Petroleum and Minerals,Law,5,With Family,990,500,200,1690,1462.15,Travel,4000,6,Improving
336,4bac6f9a-bb5f-4e11-b30c-98c2fefd8a44,25,Male,Tabuk,King Khalid University,Artificial Intelligence,4,Dorm,990,0,0,990,771.18,Investment,10000,6,Tech Enthusiast
337,383ef556-81a4-43e9-8c0d-a69b5da836b1,19,Male,Dammam,King Fahd University of Petroleum and Minerals,Cybersecurity,3,With Family,1500,0,0,1500,1212.41,Emergency Fund,6000,9,Tech Enthusiast
338,80058064-3867-48fd-ad6b-ed3d6019e22c,25,Female,Dammam,King Abdulaziz University,Computer Science,2,Dorm,990,1200,200,2390,2108.95,Travel,4000,3,Balanced
339,9849371b-6c8b-427c-b260-b27e8849790d,18,Male,Tabuk,Umm Al-Qura University,Electrical Engineering,1,With Family,990,0,400,1390,1214.33,Emergency Fund,6000,3,Tech Enthusiast
340,bb7e9600-d4fb-46e1-84ee-d49ef20d1df9,25,Male,Dammam,Umm Al-Qura University,Information Systems,1,With Family,1500,0,0,1500,1232.05,Travel,4000,9,Impulsive
341,6123a901-bacb-478d-8d3f-46274c99ef84,25,Male,Dammam,King Khalid University,Nursing,4,Dorm,990,1200,400,2590,2271.87,Car,25000,12,Shopaholic
342,fa62011a-c55b-4413-ab5e-bf00c17e7b38,21,Male,Qassim,Prince Sattam bin Abdulaziz University,Business Administration,4,With Family,1000,0,0,1000,810.71,Car,25000,3,Shopaholic
343,7ab8aa56-0140-4d51-8e1b-8a7140c9f77c,18,Female,Qassim,Prince Sattam bin Abdulaziz University,Computer Science,4,Shared Apartment,1000,0,0,1000,869.4,Car,25000,3,Shopaholic
344,80ee586a-fdc8-4af8-bcd9-749c043504e3,20,Female,Tabuk,Imam Mohammad Ibn Saud Islamic University,Artificial Intelligence,1,With Family,990,1200,0,2190,1747.43,Phone,4500,9,Balanced
345,b4519f48-5a09-4a0a-916b-a899bdfb374a,19,Male,Dammam,Prince Sattam bin Abdulaziz University,Software Engineering,4,Dorm,1000,1200,0,2200,1769.74,Investment,10000,12,Balanced
346,0988b0b2-d3f8-4b0f-90ef-b822cb3d93d7,19,Female,Madinah,King Abdulaziz University,Mechanical Engineering,4,Dorm,0,0,0,0,0.0,Phone,4500,6,Disciplined
347,5aae7d89-a413-4b95-a754-4a7c328043ee,23,Female,Riyadh,King Fahd University of Petroleum and Minerals,Software Engineering,2,With Family,990,0,200,1190,1077.11,Emergency Fund,6000,3,Shopaholic
348,dd048755-ffcb-4cf8-b6aa-250bb8f562aa,18,Male,Makkah,Qassim University,Electrical Engineering,4,With Family,990,1200,0,2190,2078.11,Emergency Fund,6000,6,Coffee Lover
349,66212ce4-96bc-45b3-9cf0-df937350f72c,24,Female,Abha,King Abdulaziz University,Law,1,Dorm,1000,500,700,2200,1891.82,Emergency Fund,6000,3,Balanced
350,e800db79-cd2f-4d9c-80d1-c81b577b99f8,21,Male,Makkah,Qassim University,Business Administration,1,With Family,1000,0,400,1400,1127.31,Investment,10000,3,Balanced
351,de0fc1c1-e935-4c03-ba60-d734cb288264,25,Male,Abha,Princess Nourah University,Cybersecurity,2,With Family,990,1800,0,2790,2475.26,Gaming PC,8000,9,Overspender
352,87f79146-43ea-4211-9bc6-d3b34eca3b6c,20,Male,Dammam,Taibah University,Cybersecurity,3,Alone,1500,800,0,2300,2087.74,Gaming PC,8000,9,Budget Student
353,6a23ea62-5039-401c-b299-9d74de75122d,20,Female,Riyadh,Taibah University,Mechanical Engineering,4,Dorm,990,0,0,990,849.96,Travel,4000,12,Balanced
354,3610752d-5a7e-4109-8c7e-fee2d9451cf9,20,Male,Dammam,Taibah University,Artificial Intelligence,3,With Family,990,0,200,1190,1000.57,Travel,4000,12,Social Spender
355,ed9046cb-2a80-4aeb-83ce-7b3474f8fa50,21,Female,Jeddah,Umm Al-Qura University,Accounting,2,With Family,1500,800,0,2300,1953.87,Car,25000,6,Tech Enthusiast
356,8577cc39-98a1-433d-945a-59a2e69073bf,19,Male,Dammam,King Abdulaziz University,Computer Science,2,With Family,990,800,0,1790,1411.1,Car,25000,3,Shopaholic
357,a6a25566-117e-41ea-a34c-cafcad52edd0,22,Male,Abha,Imam Mohammad Ibn Saud Islamic University,Nursing,1,With Family,1000,800,0,1800,1681.57,Gaming PC,8000,12,Overspender
358,d189b673-1b24-4dc8-9fbb-4cdf8edc1687,24,Female,Riyadh,King Khalid University,Artificial Intelligence,5,With Family,1000,500,0,1500,1146.12,Travel,4000,9,Disciplined
359,15d6a252-ed25-4019-8020-1dcddbd72879,24,Male,Makkah,Umm Al-Qura University,Law,2,Dorm,990,500,0,1490,1399.86,Phone,4500,12,Social Spender
360,fd0172bf-9f47-4811-ba0d-f517e786f728,24,Male,Dammam,King Abdulaziz University,Medicine,4,With Family,1000,500,0,1500,1322.26,Gaming PC,8000,12,Overspender
361,c5f6c3bf-79f6-4050-8f7b-571592bd9681,23,Female,Tabuk,King Fahd University of Petroleum and Minerals,Nursing,2,Dorm,1500,500,700,2700,2140.52,Investment,10000,9,Balanced
362,b77d64f3-fbdb-4a55-8fcb-e20aaa7fc158,22,Male,Dammam,Prince Sattam bin Abdulaziz University,Computer Science,3,Alone,990,1800,0,2790,2212.37,Laptop,5000,9,Disciplined
363,3e0b7b00-7af7-476d-94d2-9806d520f18a,20,Male,Riyadh,Taibah University,Business Administration,2,With Family,1000,800,0,1800,1482.15,Car,25000,6,Balanced
364,8bf791ec-d803-4023-a850-6e1c55a51930,19,Female,Qassim,King Abdulaziz University,Finance,5,Shared Apartment,1000,0,0,1000,769.07,Phone,4500,9,Disciplined
365,3f60b0f8-cf31-4b2e-ba1c-176ccbeaba37,23,Female,Tabuk,Qassim University,Software Engineering,2,Dorm,1000,0,200,1200,1103.87,Investment,10000,3,Tech Enthusiast
366,6e17351f-d55b-46f0-a725-3bf0152f735e,20,Female,Makkah,King Abdulaziz University,Computer Science,4,Alone,1000,0,0,1000,900.57,Travel,4000,3,Balanced
367,a547366f-10d6-4b28-943f-ff612f9855e3,25,Male,Tabuk,Prince Sattam bin Abdulaziz University,Software Engineering,4,With Family,990,0,0,990,895.72,Laptop,5000,6,Budget Student
368,c2ec7e7e-848d-477e-b1c2-945b79364883,21,Male,Makkah,Princess Nourah University,Artificial Intelligence,4,With Family,990,0,0,990,925.48,Car,25000,3,Disciplined
369,dbc7fde1-70ff-4cc6-8023-c581a910edd9,18,Female,Dammam,King Fahd University of Petroleum and Minerals,Nursing,4,Dorm,990,0,0,990,829.71,Travel,4000,6,Balanced
370,25b57b46-9d1f-482f-afc0-807bd37c4f61,18,Male,Dammam,Prince Sattam bin Abdulaziz University,Computer Science,3,Dorm,990,1200,400,2590,2000.14,Laptop,5000,12,Coffee Lover
371,fb4e574e-56c9-45ee-849a-7347893c473a,22,Female,Dammam,King Saud University,Accounting,5,Alone,990,800,0,1790,1531.09,Car,25000,9,Balanced
372,90301083-caff-4627-bb18-c795296155d4,25,Male,Jeddah,Qassim University,Law,3,Dorm,990,1200,0,2190,2042.34,Laptop,5000,9,Impulsive
373,5b769a43-0bbb-42a6-b461-173fdd072f21,24,Male,Abha,Taibah University,Nursing,5,With Family,0,1200,0,1200,947.73,Phone,4500,12,Shopaholic
374,3f8f960f-776d-4ffa-919a-4a6e158a579e,23,Female,Tabuk,King Abdulaziz University,Computer Science,3,Dorm,1000,0,400,1400,1149.51,Travel,4000,9,Balanced
375,dda12cef-1b9c-47de-ae34-d08d29c10e9e,22,Female,Riyadh,Umm Al-Qura University,Artificial Intelligence,2,With Family,1500,500,200,2200,2044.76,Gaming PC,8000,6,Disciplined
376,b678287c-13d0-4828-b4cc-4f3eba9e3bd6,21,Female,Makkah,King Khalid University,Information Systems,4,Alone,990,1800,0,2790,2600.13,Gaming PC,8000,9,Coffee Lover
377,7aa8b877-12f1-40a5-9d9d-0eb288e555c2,21,Male,Madinah,Umm Al-Qura University,Information Systems,4,Alone,990,800,0,1790,1691.83,Gaming PC,8000,6,Tech Enthusiast
378,49d4a2dd-64a5-4eb8-9df5-3637a26c323e,19,Male,Abha,King Abdulaziz University,Mechanical Engineering,1,Shared Apartment,1000,0,0,1000,926.03,Car,25000,12,Improving
379,b7fe6a6c-c6cd-49ce-8c0d-9d60c624eaa6,22,Male,Makkah,Princess Nourah University,Information Systems,2,With Family,990,800,200,1990,1884.91,Gaming PC,8000,9,Tech Enthusiast
380,1fd2d8f1-0daa-4f44-bda1-2a742bd3b776,23,Male,Qassim,King Abdulaziz University,Medicine,5,With Family,1000,500,0,1500,1319.87,Laptop,5000,6,Budget Student
381,d100270f-9d56-4af8-89c5-30eb60510d99,24,Male,Madinah,Qassim University,Cybersecurity,2,Shared Apartment,990,0,0,990,755.59,Laptop,5000,12,Impulsive
382,b557ca97-a0ca-4d66-a5c8-e11b403fd79a,24,Female,Riyadh,King Khalid University,Mechanical Engineering,4,Dorm,990,0,0,990,820.54,Phone,4500,3,Shopaholic
383,5ae2b709-8ebe-4856-8af7-e40a3d3ed630,24,Male,Tabuk,Umm Al-Qura University,Electrical Engineering,1,With Family,990,1200,0,2190,1835.02,Phone,4500,9,Budget Student
384,2224fd7c-39e3-42ba-a8fb-b9ee9f2a450c,20,Female,Qassim,Princess Nourah University,Mechanical Engineering,5,With Family,990,0,0,990,896.69,Laptop,5000,6,Balanced
385,af0aaaa4-20e7-49a0-b3f5-c98dce0944a6,21,Female,Jeddah,Prince Sattam bin Abdulaziz University,Business Administration,2,Dorm,990,0,0,990,766.96,Gaming PC,8000,3,Social Spender
386,9ef49ee2-c3f9-4b4c-8f5f-41b4461378aa,20,Female,Tabuk,King Saud University,Electrical Engineering,2,Alone,1000,0,200,1200,1035.72,Gaming PC,8000,6,Balanced
387,787c3b77-9d82-4248-9e4a-9e6c0f71e90d,22,Female,Madinah,King Abdulaziz University,Software Engineering,2,Alone,990,1200,0,2190,1644.05,Travel,4000,9,Disciplined
388,b9a14775-b95b-47fc-a944-38659debdac0,25,Male,Makkah,King Khalid University,Law,4,With Family,990,500,200,1690,1416.85,Car,25000,3,Balanced
389,ad6c10d7-6362-42aa-b65b-81111df1b0b4,21,Male,Dammam,King Abdulaziz University,Computer Science,3,With Family,1000,800,0,1800,1657.38,Investment,10000,9,Balanced
390,2810cf98-cad3-4df2-a5c1-0502a8434fa4,22,Male,Qassim,King Khalid University,Business Administration,1,With Family,0,0,700,700,566.9,Phone,4500,9,Impulsive
391,16586049-8b4a-40b8-96e5-ec2c5b089e07,22,Female,Dammam,Princess Nourah University,Mechanical Engineering,3,With Family,1000,1200,200,2400,1998.6,Laptop,5000,6,Social Spender
392,403af79c-8f02-470c-8901-6e1e7ff437f4,19,Female,Madinah,Qassim University,Nursing,3,With Family,1000,0,200,1200,1038.03,Gaming PC,8000,9,Overspender
393,15402424-fa2a-40d6-bfdc-1dcd1ee56073,25,Male,Makkah,Prince Sattam bin Abdulaziz University,Cybersecurity,1,With Family,1000,500,200,1700,1433.06,Emergency Fund,6000,3,Social Spender
394,8462183e-4fb0-4557-a0df-a0aab86f48c3,23,Female,Makkah,King Saud University,Law,2,Dorm,990,800,0,1790,1433.58,Laptop,5000,3,Balanced
395,a1b688b0-7287-4009-8c35-9c6c4252ec69,23,Female,Tabuk,King Khalid University,Nursing,1,Shared Apartment,1000,0,0,1000,788.8,Gaming PC,8000,9,Overspender
396,4d0f2e8d-b5a9-4e6a-9d0f-ee47fc0c8a66,25,Male,Qassim,Umm Al-Qura University,Business Administration,4,Shared Apartment,990,500,0,1490,1240.86,Phone,4500,3,Budget Student
397,38ec13b9-038a-456a-80c1-e0de21e14a95,18,Male,Abha,King Fahd University of Petroleum and Minerals,Software Engineering,2,With Family,990,800,0,1790,1353.66,Car,25000,12,Tech Enthusiast
398,5b8237e4-fd51-430f-b386-d5ec9e7dad0c,19,Female,Abha,King Saud University,Artificial Intelligence,4,With Family,1000,500,0,1500,1388.11,Car,25000,9,Coffee Lover
399,01208eb8-499a-4998-8c1a-0cc8f543c538,23,Male,Makkah,Princess Nourah University,Finance,5,With Family,1500,0,0,1500,1269.8,Laptop,5000,6,Balanced
400,08204065-d979-4e0c-9d44-e2bed1d5ad5e,23,Male,Jeddah,Umm Al-Qura University,Law,2,With Family,1500,800,0,2300,1741.81,Investment,10000,12,Social Spender
401,d156e74b-1e7e-4c91-aa4e-e9531596624d,19,Female,Qassim,King Saud University,Software Engineering,5,Shared Apartment,1000,0,400,1400,1258.76,Gaming PC,8000,3,Shopaholic
402,6c957b06-90b4-4858-9e5d-cc3553de6a06,22,Female,Abha,Taibah University,Law,1,With Family,990,1200,0,2190,1711.48,Phone,4500,3,Disciplined
403,12ca9135-704a-48b1-967f-d1b2bb997e72,23,Female,Dammam,Prince Sattam bin Abdulaziz University,Nursing,2,With Family,1000,500,0,1500,1218.41,Travel,4000,9,Shopaholic
404,6ac61dde-bae6-482d-8e19-ad168ae3cc23,19,Female,Riyadh,Princess Nourah University,Accounting,4,With Family,0,0,400,400,347.69,Laptop,5000,12,Tech Enthusiast
405,ad5f5abf-01ba-4aa3-a401-0e89e278bb61,19,Female,Dammam,Princess Nourah University,Electrical Engineering,4,With Family,990,1200,200,2390,1940.87,Gaming PC,8000,12,Coffee Lover
406,817e7bc7-4e46-4d70-a5c7-15f3e72f5181,23,Female,Dammam,King Fahd University of Petroleum and Minerals,Electrical Engineering,3,With Family,1500,0,400,1900,1436.5,Travel,4000,12,Disciplined
407,920e625a-0d8e-41fb-ad11-5d2f489b0507,20,Male,Tabuk,Princess Nourah University,Business Administration,5,Dorm,990,1200,0,2190,1989.58,Travel,4000,12,Coffee Lover
408,f6899a04-3c54-41d6-b545-f6e555f1d9f3,24,Male,Abha,Imam Mohammad Ibn Saud Islamic University,Mechanical Engineering,5,With Family,990,800,0,1790,1693.41,Emergency Fund,6000,9,Shopaholic
409,38873613-f56e-4ca3-b5c4-e6de17b5289d,25,Male,Qassim,King Fahd University of Petroleum and Minerals,Medicine,1,Shared Apartment,990,800,0,1790,1405.57,Gaming PC,8000,12,Disciplined
410,0c673e5f-9ca5-4096-9833-215ed31f9848,23,Female,Riyadh,Princess Nourah University,Cybersecurity,2,Shared Apartment,990,1200,200,2390,2224.26,Emergency Fund,6000,3,Social Spender
411,3311ae52-49d8-4617-bd39-af3d3dd5dcd9,25,Male,Makkah,King Fahd University of Petroleum and Minerals,Artificial Intelligence,5,Shared Apartment,1000,500,0,1500,1328.87,Car,25000,12,Social Spender
412,a1819eb1-707f-4511-b60c-28ef039e37cb,24,Male,Madinah,King Saud University,Business Administration,5,Alone,1500,2500,0,4000,3000.67,Car,25000,9,Disciplined
413,4ef9a2ba-1206-4a3d-9c88-8120b70cd517,24,Female,Tabuk,Qassim University,Accounting,4,With Family,990,0,0,990,873.67,Car,25000,12,Disciplined
414,69233ea3-e4f6-4643-bfef-d554fa4c0ab4,20,Female,Dammam,King Abdulaziz University,Computer Science,1,Dorm,1000,1200,0,2200,1713.36,Emergency Fund,6000,12,Tech Enthusiast
415,24bac14f-e56b-4123-825c-9161f6054e67,24,Female,Tabuk,King Khalid University,Information Systems,4,With Family,1500,0,0,1500,1290.62,Investment,10000,12,Balanced
416,a9ff2a81-be92-449d-9b9c-4c6122b552a2,21,Female,Tabuk,Umm Al-Qura University,Nursing,3,With Family,990,0,0,990,750.0,Emergency Fund,6000,12,Social Spender
417,e11b29af-c376-4cd6-81c9-1cbbf6ca5773,22,Female,Jeddah,Umm Al-Qura University,Nursing,1,With Family,990,500,0,1490,1305.44,Phone,4500,3,Social Spender
418,f972c7d9-d98a-44a2-8ba3-386d26f1a1b2,18,Female,Qassim,Umm Al-Qura University,Finance,5,Dorm,1000,500,0,1500,1251.3,Travel,4000,9,Balanced
419,62cc85b0-493d-414e-a527-9da9789acdfc,22,Male,Qassim,King Khalid University,Information Systems,5,With Family,0,1800,200,2000,1896.15,Gaming PC,8000,3,Balanced
420,75fe407b-73b2-4f97-bb14-fde7335e5f39,22,Male,Madinah,Prince Sattam bin Abdulaziz University,Artificial Intelligence,1,Dorm,0,500,400,900,783.69,Travel,4000,6,Tech Enthusiast
421,c9f5d2aa-b3c1-4e84-a9bf-30f434a15530,25,Male,Riyadh,King Fahd University of Petroleum and Minerals,Software Engineering,2,Dorm,990,0,200,1190,1088.07,Phone,4500,12,Social Spender
422,b8914d78-519f-4971-b09d-ba22e87732a0,20,Male,Abha,King Saud University,Law,3,Shared Apartment,990,0,0,990,765.47,Gaming PC,8000,6,Coffee Lover
423,66620004-851d-4a8f-9563-0721341d85db,21,Female,Tabuk,Taibah University,Artificial Intelligence,2,With Family,990,500,400,1890,1581.83,Car,25000,9,Overspender
424,6e7700ac-3bb2-4ce5-9320-71c951b3e421,18,Male,Abha,Qassim University,Nursing,3,With Family,990,800,700,2490,2000.51,Gaming PC,8000,3,Balanced
425,b2ca2e50-ec4d-4726-8191-dfcee365ee9b,21,Female,Dammam,King Fahd University of Petroleum and Minerals,Medicine,1,Dorm,1000,500,0,1500,1374.51,Phone,4500,3,Coffee Lover
426,ab2bf34a-cdd4-4056-84d9-55396a21e1aa,22,Female,Makkah,King Saud University,Computer Science,5,With Family,1000,800,0,1800,1687.86,Gaming PC,8000,6,Improving
427,f5853a98-adc7-4d02-916d-dd030b4ae395,20,Female,Dammam,Princess Nourah University,Mechanical Engineering,2,With Family,1000,800,0,1800,1518.1,Investment,10000,3,Tech Enthusiast
428,c318b0ee-2b40-4094-b0cf-f9892c0230e2,23,Female,Dammam,Princess Nourah University,Artificial Intelligence,1,With Family,1500,0,0,1500,1224.8,Gaming PC,8000,3,Balanced
429,98856b21-de31-4caf-a213-5e80b92b353e,24,Male,Qassim,Princess Nourah University,Information Systems,5,Shared Apartment,1000,0,0,1000,793.68,Phone,4500,3,Impulsive
430,d8d0dbf8-4822-4d59-8298-ca301080bec4,22,Female,Riyadh,Taibah University,Information Systems,1,Alone,1000,0,0,1000,882.92,Car,25000,9,Balanced
431,5a962a10-520d-4dab-b115-464cc1595e37,25,Female,Tabuk,Qassim University,Mechanical Engineering,1,With Family,990,0,0,990,743.15,Gaming PC,8000,12,Disciplined
432,49c963f2-b421-47f5-919f-db4af6b484d8,24,Male,Jeddah,King Fahd University of Petroleum and Minerals,Medicine,3,With Family,1000,2500,0,3500,2946.75,Travel,4000,9,Tech Enthusiast
433,639cc7fd-e9e9-4c08-b123-c0788911c610,22,Female,Jeddah,King Fahd University of Petroleum and Minerals,Finance,1,Shared Apartment,990,0,0,990,829.22,Phone,4500,6,Disciplined
434,8cfa4f23-1a53-415b-a6fe-c4544b236e96,24,Male,Madinah,Taibah University,Medicine,4,Alone,990,800,0,1790,1348.38,Emergency Fund,6000,9,Disciplined
435,986a578c-099f-4ad3-ac13-be62c75bd2e5,25,Male,Makkah,Princess Nourah University,Computer Science,2,With Family,1000,0,0,1000,753.81,Investment,10000,3,Balanced
436,98549dc5-5633-4358-801c-59c33f4ba52f,19,Female,Dammam,King Khalid University,Software Engineering,1,With Family,1000,0,0,1000,869.0,Travel,4000,6,Disciplined
437,a9afc595-643d-4e85-b235-7ebfe949de77,24,Female,Jeddah,King Khalid University,Medicine,2,With Family,990,0,200,1190,1122.1,Gaming PC,8000,6,Budget Student
438,47deed43-4c5a-4a83-927a-80b45b100596,24,Male,Abha,Umm Al-Qura University,Information Systems,4,With Family,1000,0,0,1000,866.4,Phone,4500,6,Disciplined
439,cc01fc40-255e-4497-946e-acf0ba366d82,25,Male,Riyadh,King Saud University,Information Systems,1,Dorm,1000,800,200,2000,1737.49,Laptop,5000,9,Coffee Lover
440,9cf73c55-0621-4853-b3cd-4c250942d1ea,20,Female,Qassim,Qassim University,Cybersecurity,2,Dorm,1000,1200,0,2200,1666.55,Phone,4500,6,Social Spender
441,51f26ac0-5284-4571-9e07-9b37c17f378e,23,Female,Riyadh,Umm Al-Qura University,Cybersecurity,2,With Family,1000,0,200,1200,1027.25,Travel,4000,3,Tech Enthusiast
442,f1fffcb4-0152-4006-a23c-dd1d27595d03,21,Female,Riyadh,Imam Mohammad Ibn Saud Islamic University,Software Engineering,2,Dorm,1500,2500,0,4000,3774.86,Emergency Fund,6000,12,Coffee Lover
443,28c85c98-bc22-403e-b622-027f80bd66c9,22,Male,Tabuk,Prince Sattam bin Abdulaziz University,Business Administration,5,Shared Apartment,990,1800,0,2790,2515.69,Travel,4000,3,Disciplined
444,ab257654-2718-4472-b9e1-d26fdc7a33b2,25,Male,Jeddah,Imam Mohammad Ibn Saud Islamic University,Mechanical Engineering,4,Dorm,0,500,0,500,407.6,Laptop,5000,6,Social Spender
445,27d39a80-2cbf-40e5-9f19-ac60ace369d8,19,Male,Tabuk,Imam Mohammad Ibn Saud Islamic University,Accounting,2,With Family,1500,0,0,1500,1300.53,Phone,4500,3,Impulsive
446,b835d992-91f3-4f36-a0e3-0365d4e9e790,23,Male,Qassim,Imam Mohammad Ibn Saud Islamic University,Law,3,Alone,990,1800,0,2790,2205.33,Emergency Fund,6000,6,Disciplined
447,fa8dd952-ef10-4cd2-bcdd-6628e45c8771,25,Female,Dammam,King Fahd University of Petroleum and Minerals,Cybersecurity,3,Dorm,1000,0,0,1000,907.91,Emergency Fund,6000,6,Shopaholic
448,6cdce134-7ca7-4b62-86dc-d7e6d9536b6c,25,Male,Qassim,Taibah University,Artificial Intelligence,1,Dorm,1000,0,0,1000,897.24,Car,25000,6,Balanced
449,f13c5555-dda0-4292-b3b4-4c8e7444c96d,18,Female,Riyadh,King Saud University,Finance,5,With Family,990,0,400,1390,1190.15,Phone,4500,12,Budget Student
450,ec80c1b1-2b19-4f75-90da-9e7cfd41dca5,18,Female,Makkah,King Abdulaziz University,Business Administration,3,With Family,1000,0,0,1000,949.79,Laptop,5000,3,Coffee Lover
451,3045f6ef-a24b-45f9-bf63-d44e2c07fb76,18,Female,Qassim,King Abdulaziz University,Mechanical Engineering,4,With Family,990,800,400,2190,2024.24,Gaming PC,8000,12,Social Spender
452,6ee7c02b-49e9-43b7-b59a-623cde6f1e67,23,Male,Madinah,Qassim University,Electrical Engineering,3,Dorm,0,800,0,800,698.0,Gaming PC,8000,6,Budget Student
453,ce237e2e-1c5b-4bda-a354-adc25748a6e4,23,Male,Jeddah,Qassim University,Business Administration,4,Dorm,0,1200,200,1400,1152.36,Laptop,5000,6,Tech Enthusiast
454,73024f5e-9f21-42cc-be72-ef50d76544ac,23,Male,Jeddah,Taibah University,Mechanical Engineering,5,Shared Apartment,1000,500,200,1700,1513.97,Phone,4500,6,Balanced
455,d508bbb3-fc67-4c60-a474-8ae10415d1be,19,Female,Abha,Taibah University,Finance,5,With Family,1500,500,0,2000,1549.08,Laptop,5000,9,Coffee Lover
456,d84e33f0-19bc-4f5a-a406-7fc189c7906e,21,Female,Jeddah,Princess Nourah University,Accounting,2,With Family,990,800,0,1790,1684.97,Laptop,5000,3,Balanced
457,bf27ed59-74bb-4082-b40e-ca93d8081194,18,Female,Tabuk,Umm Al-Qura University,Information Systems,4,With Family,990,0,0,990,830.38,Phone,4500,3,Balanced
458,47356b3e-435f-4d83-9825-ef7bf63e5130,23,Female,Abha,King Fahd University of Petroleum and Minerals,Finance,5,Dorm,0,1200,0,1200,1027.24,Car,25000,12,Coffee Lover
459,bc6ae3e5-17c9-4521-a04a-76a72f851948,22,Male,Qassim,King Fahd University of Petroleum and Minerals,Artificial Intelligence,1,With Family,1000,1200,0,2200,1775.13,Investment,10000,6,Tech Enthusiast
460,6cb770a0-38f8-48a1-b4df-9c0b396f83e6,20,Male,Makkah,Princess Nourah University,Computer Science,3,Dorm,990,500,0,1490,1248.88,Phone,4500,9,Balanced
461,c16d99d0-3bae-41e9-a9a8-6c5ad61cc5bd,20,Female,Qassim,Umm Al-Qura University,Information Systems,5,With Family,1000,0,0,1000,934.09,Travel,4000,12,Overspender
462,16bef3f7-0293-4f41-8dfc-498b18d5b816,18,Female,Madinah,Taibah University,Artificial Intelligence,5,Dorm,1000,1800,400,3200,2911.73,Phone,4500,12,Balanced
463,93b67b4a-b16c-4383-b792-d2674333323d,19,Female,Riyadh,Qassim University,Nursing,2,With Family,990,500,0,1490,1145.06,Gaming PC,8000,3,Tech Enthusiast
464,441416f2-a481-4855-9314-d175f333fe31,22,Male,Riyadh,Princess Nourah University,Medicine,4,Dorm,990,500,200,1690,1591.18,Investment,10000,12,Balanced
465,d3b1b46b-4b81-44ba-bd96-d9dc8589780c,23,Female,Dammam,Qassim University,Business Administration,4,With Family,990,800,400,2190,1767.18,Gaming PC,8000,9,Balanced
466,0261222e-7597-442d-b556-2d6e39cf216f,24,Female,Madinah,King Abdulaziz University,Electrical Engineering,4,Dorm,990,500,0,1490,1240.93,Emergency Fund,6000,3,Disciplined
467,1c6e5692-d859-4f88-abd0-2171ee0852ff,19,Female,Jeddah,King Saud University,Accounting,3,With Family,990,2500,0,3490,3005.46,Travel,4000,6,Balanced
468,c29fbfde-231e-47c8-98a5-22fb93b591d6,22,Female,Qassim,Umm Al-Qura University,Mechanical Engineering,4,With Family,1000,0,0,1000,908.24,Investment,10000,6,Balanced
469,e655e348-adff-438b-a55e-6d04a68ad1a2,22,Female,Dammam,Taibah University,Mechanical Engineering,2,With Family,1500,1200,0,2700,2437.95,Gaming PC,8000,12,Improving
470,d0250cf4-502c-4046-80f7-637712c2d9ad,24,Female,Qassim,Princess Nourah University,Business Administration,5,Dorm,0,800,0,800,602.81,Car,25000,9,Balanced
471,6f006b82-340b-4001-9bbc-dbb7fa4d7667,23,Male,Riyadh,Prince Sattam bin Abdulaziz University,Business Administration,4,Dorm,0,0,400,400,376.41,Phone,4500,3,Balanced
472,4d2366b4-4825-49b8-ac1d-8898c0c0130d,20,Male,Dammam,Umm Al-Qura University,Business Administration,3,Shared Apartment,1000,1800,0,2800,2483.58,Investment,10000,9,Balanced
473,19acbeb2-f597-4b30-9cfd-db29a13c78de,20,Male,Dammam,Umm Al-Qura University,Artificial Intelligence,3,Shared Apartment,1000,0,0,1000,832.4,Travel,4000,6,Disciplined
474,a50a63cd-2a5c-4546-8132-546cd3d8b531,19,Female,Qassim,Princess Nourah University,Software Engineering,2,Alone,990,0,0,990,837.44,Car,25000,9,Social Spender
475,fb0e8ac1-044b-4078-9ac9-c3defb32a2a2,23,Male,Madinah,King Saud University,Mechanical Engineering,1,With Family,990,0,700,1690,1557.1,Car,25000,6,Social Spender
476,010c29b1-b7d9-4a00-808e-e61e6848ff82,19,Male,Riyadh,Taibah University,Electrical Engineering,4,With Family,990,0,700,1690,1303.94,Emergency Fund,6000,3,Coffee Lover
477,736ecf50-cf64-467c-a3d9-5688564bc451,19,Male,Makkah,King Khalid University,Cybersecurity,2,Dorm,1500,0,0,1500,1133.78,Laptop,5000,6,Budget Student
478,b6d2ef49-d4b1-4ae9-9670-c5b4192a37f7,21,Male,Jeddah,King Khalid University,Electrical Engineering,1,With Family,1500,1800,0,3300,2947.44,Phone,4500,9,Balanced
479,e16e4f27-f00d-42ee-a151-bd8313a5cdde,25,Female,Dammam,Taibah University,Law,1,With Family,1000,0,200,1200,985.16,Phone,4500,12,Coffee Lover
480,67d19337-b814-4fe3-a60b-f7cbe41ce76e,19,Female,Jeddah,Umm Al-Qura University,Information Systems,4,Shared Apartment,1000,0,200,1200,1069.14,Travel,4000,3,Disciplined
481,d7deda2e-6b43-4c00-8905-7396f8fed964,22,Female,Makkah,Umm Al-Qura University,Accounting,3,Alone,990,0,0,990,827.24,Gaming PC,8000,3,Impulsive
482,42ddc91c-ffca-4921-a5c5-87a5ca80e91a,25,Male,Tabuk,Taibah University,Medicine,1,With Family,1000,1800,0,2800,2321.09,Laptop,5000,3,Social Spender
483,d11fe59b-6ffc-4d6c-8f8f-6e771e2f5d2f,23,Male,Tabuk,Princess Nourah University,Cybersecurity,4,Dorm,1500,0,0,1500,1208.56,Phone,4500,9,Social Spender
484,db4117e3-2cfe-4069-950f-b8452a74c8ef,24,Female,Madinah,King Abdulaziz University,Electrical Engineering,4,With Family,1000,1800,0,2800,2240.39,Gaming PC,8000,12,Balanced
485,d9e4f359-60cf-4ee3-af7b-5acad3029ecc,19,Female,Riyadh,King Abdulaziz University,Accounting,5,Dorm,1500,0,200,1700,1326.93,Investment,10000,3,Budget Student
486,3ffacbda-4604-4633-a3fc-e16800a6278a,21,Female,Qassim,Taibah University,Medicine,3,With Family,1000,500,0,1500,1367.84,Emergency Fund,6000,3,Improving
487,54738dba-39c4-4489-bd0e-bb6d03974619,25,Female,Tabuk,Taibah University,Finance,1,With Family,0,0,400,400,344.53,Emergency Fund,6000,9,Impulsive
488,a8403a38-151c-4ee5-b613-ed3a91e8cb34,25,Male,Qassim,Umm Al-Qura University,Law,5,Dorm,990,0,0,990,836.73,Emergency Fund,6000,6,Shopaholic
489,1f3e3c47-d572-45ab-ac46-6cbd5db5d8e9,23,Female,Abha,King Saud University,Computer Science,5,With Family,990,500,700,2190,2009.08,Car,25000,9,Budget Student
490,233aa91f-da5d-4a61-9cff-fb6486908f1a,19,Female,Abha,King Fahd University of Petroleum and Minerals,Accounting,3,With Family,1000,1200,0,2200,1757.46,Emergency Fund,6000,6,Tech Enthusiast
491,8496b0a4-f06b-423b-b2d2-e6d500e31954,19,Female,Dammam,King Saud University,Medicine,3,With Family,1000,1800,0,2800,2468.35,Travel,4000,12,Shopaholic
492,c1ab2497-3a2c-48eb-9968-9c2e624696dc,18,Female,Tabuk,King Khalid University,Accounting,3,Dorm,1500,0,0,1500,1367.5,Car,25000,3,Social Spender
493,3d7d9770-0aa6-40f9-a1bc-5e9f6fb17aeb,23,Male,Madinah,King Fahd University of Petroleum and Minerals,Accounting,2,With Family,990,500,200,1690,1553.9,Gaming PC,8000,3,Budget Student
494,e4ffe4a2-2421-4055-8e58-9e0127a923e1,24,Male,Jeddah,King Khalid University,Software Engineering,5,With Family,1000,0,0,1000,763.45,Car,25000,12,Coffee Lover
495,8340503d-597c-46e6-aef7-fad3ed7cbaec,22,Female,Abha,Imam Mohammad Ibn Saud Islamic University,Accounting,4,With Family,990,0,200,1190,1015.16,Car,25000,6,Impulsive
496,2a934429-ae5d-4e53-bf36-5807098c67e5,21,Female,Madinah,Umm Al-Qura University,Electrical Engineering,5,Shared Apartment,1000,500,0,1500,1397.05,Emergency Fund,6000,3,Shopaholic
497,f3c223e1-9304-49c3-893c-b7073df2a858,22,Female,Tabuk,King Fahd University of Petroleum and Minerals,Software Engineering,2,Shared Apartment,990,0,0,990,795.35,Gaming PC,8000,9,Tech Enthusiast
498,e07f9270-0442-4478-b4fb-2ce25a33c00c,20,Male,Riyadh,Imam Mohammad Ibn Saud Islamic University,Electrical Engineering,3,With Family,990,800,0,1790,1542.92,Laptop,5000,12,Coffee Lover
499,61c2c026-e0ce-4226-bb0d-215863232e76,22,Female,Dammam,King Saud University,Mechanical Engineering,4,Shared Apartment,1500,0,0,1500,1141.6,Laptop,5000,3,Balanced
500,bb0a8dd2-60df-4118-b548-81185efba8b8,19,Female,Dammam,Imam Mohammad Ibn Saud Islamic University,Software Engineering,5,Dorm,990,0,700,1690,1582.83,Travel,4000,9,Coffee Lover
